"","game_str","play_id","Batter_Time_HF","throw_time"
"1","1900_01_TeamKJ_TeamB",24,3993,3894
"2","1900_01_TeamKJ_TeamB",26,4093,3432
"3","1900_01_TeamKJ_TeamB",37,NA,3829
"4","1900_01_TeamKJ_TeamB",42,4225,4060
"5","1900_01_TeamKJ_TeamB",48,4456,4225
"6","1900_01_TeamKJ_TeamB",50,NA,4192
"7","1900_01_TeamKJ_TeamB",55,4257,3993
"8","1900_01_TeamKJ_TeamB",57,NA,3861
"9","1900_01_TeamKJ_TeamB",65,4522,4027
"10","1900_01_TeamKJ_TeamB",66,4093,4060
"11","1900_01_TeamKJ_TeamB",70,3928,3631
"12","1900_01_TeamKJ_TeamB",80,4390,4027
"13","1900_01_TeamKJ_TeamB",86,4917,4026
"14","1900_01_TeamKJ_TeamB",93,NA,4126
"15","1900_01_TeamKJ_TeamB",97,4720,4125
"16","1900_01_TeamKJ_TeamB",124,NA,3664
"17","1900_01_TeamKJ_TeamB",161,NA,3796
"18","1900_01_TeamKJ_TeamB",183,NA,3696
"19","1900_01_TeamKJ_TeamB",214,4488,4125
"20","1900_01_TeamKJ_TeamB",239,4555,4093
"21","1900_01_TeamKJ_TeamB",240,5182,2871
"22","1900_01_TeamKJ_TeamB",242,4753,4357
"23","1900_01_TeamKJ_TeamB",251,5082,4059
"24","1900_01_TeamKJ_TeamB",253,4191,3597
"25","1900_01_TeamKJ_TeamB",264,4423,3961
"26","1900_02_TeamKJ_TeamB",71,3664,3598
"27","1900_02_TeamKJ_TeamB",88,NA,4357
"28","1900_02_TeamKJ_TeamB",90,NA,1221
"29","1900_02_TeamKJ_TeamB",101,4621,7756
"30","1900_02_TeamKJ_TeamB",141,4191,1815
"31","1900_02_TeamKJ_TeamB",179,4422,4653
"32","1900_02_TeamKJ_TeamB",211,4225,4026
"33","1900_02_TeamKJ_TeamB",276,4885,4192
"34","1900_02_TeamKJ_TeamB",282,4555,4093
"35","1900_03_TeamKJ_TeamB",22,NA,3829
"36","1900_03_TeamKJ_TeamB",29,NA,4918
"37","1900_03_TeamKJ_TeamB",40,NA,3532
"38","1900_03_TeamKJ_TeamB",74,NA,4522
"39","1900_03_TeamKJ_TeamB",92,NA,3928
"40","1900_03_TeamKJ_TeamB",111,NA,3861
"41","1900_03_TeamKJ_TeamB",123,3532,3499
"42","1900_03_TeamKJ_TeamB",137,NA,2178
"43","1900_03_TeamKJ_TeamB",138,NA,4060
"44","1900_03_TeamKJ_TeamB",142,NA,2872
"45","1900_03_TeamKJ_TeamB",145,NA,4060
"46","1900_03_TeamKJ_TeamB",147,NA,3532
"47","1900_03_TeamKJ_TeamB",165,NA,3400
"48","1900_04_TeamKK_TeamB",11,5149,957
"49","1900_04_TeamKK_TeamB",15,4258,3961
"50","1900_04_TeamKK_TeamB",58,3631,3664
"51","1900_04_TeamKK_TeamB",68,NA,4192
"52","1900_04_TeamKK_TeamB",70,4258,4093
"53","1900_04_TeamKK_TeamB",73,NA,2212
"54","1900_04_TeamKK_TeamB",128,3961,3598
"55","1900_04_TeamKK_TeamB",131,4720,4225
"56","1900_04_TeamKK_TeamB",147,NA,3795
"57","1900_04_TeamKK_TeamB",195,NA,3928
"58","1900_04_TeamKK_TeamB",206,NA,3927
"59","1900_04_TeamKK_TeamB",220,3960,3300
"60","1900_04_TeamKK_TeamB",221,NA,3795
"61","1900_04_TeamKK_TeamB",243,4522,1650
"62","1900_05_TeamKK_TeamB",9,4885,3861
"63","1900_05_TeamKK_TeamB",24,3696,3597
"64","1900_05_TeamKK_TeamB",44,NA,4554
"65","1900_05_TeamKK_TeamB",61,4291,4489
"66","1900_05_TeamKK_TeamB",94,9935,13862
"67","1900_05_TeamKK_TeamB",102,NA,3762
"68","1900_05_TeamKK_TeamB",117,NA,3961
"69","1900_05_TeamKK_TeamB",119,3729,3399
"70","1900_05_TeamKK_TeamB",127,NA,1386
"71","1900_05_TeamKK_TeamB",129,4786,4390
"72","1900_05_TeamKK_TeamB",160,NA,3894
"73","1900_05_TeamKK_TeamB",210,4522,4555
"74","1900_06_TeamKL_TeamB",6,4191,3828
"75","1900_06_TeamKL_TeamB",59,4488,4060
"76","1900_06_TeamKL_TeamB",60,4720,3994
"77","1900_06_TeamKL_TeamB",70,NA,1188
"78","1900_06_TeamKL_TeamB",72,NA,3201
"79","1900_06_TeamKL_TeamB",79,4224,4026
"80","1900_06_TeamKL_TeamB",111,NA,4192
"81","1900_06_TeamKL_TeamB",114,3763,2344
"82","1900_06_TeamKL_TeamB",118,NA,4159
"83","1900_06_TeamKL_TeamB",126,4026,2607
"84","1900_06_TeamKL_TeamB",135,4555,4126
"85","1900_06_TeamKL_TeamB",144,NA,4158
"86","1900_06_TeamKL_TeamB",146,4488,4125
"87","1900_06_TeamKL_TeamB",150,NA,4258
"88","1900_06_TeamKL_TeamB",152,4819,4027
"89","1900_06_TeamKL_TeamB",158,NA,4027
"90","1900_06_TeamKL_TeamB",164,4060,3928
"91","1900_06_TeamKL_TeamB",166,4851,6139
"92","1900_06_TeamKL_TeamB",172,NA,4093
"93","1900_06_TeamKL_TeamB",179,NA,3961
"94","1900_07_TeamKL_TeamB",8,4555,4060
"95","1900_07_TeamKL_TeamB",11,4191,3828
"96","1900_07_TeamKL_TeamB",15,NA,3960
"97","1900_07_TeamKL_TeamB",21,4719,4125
"98","1900_07_TeamKL_TeamB",83,4059,4654
"99","1900_07_TeamKL_TeamB",90,4588,10661
"100","1900_07_TeamKL_TeamB",99,4587,4191
"101","1900_07_TeamKL_TeamB",101,5116,3994
"102","1900_07_TeamKL_TeamB",127,4786,4357
"103","1900_07_TeamKL_TeamB",131,4620,4356
"104","1900_07_TeamKL_TeamB",134,4059,3927
"105","1900_07_TeamKL_TeamB",136,4818,1518
"106","1900_07_TeamKL_TeamB",154,4686,4158
"107","1900_07_TeamKL_TeamB",156,4818,3894
"108","1900_07_TeamKL_TeamB",158,NA,5314
"109","1900_07_TeamKL_TeamB",164,NA,4192
"110","1900_07_TeamKL_TeamB",179,NA,1221
"111","1900_07_TeamKL_TeamB",184,4389,3201
"112","1900_07_TeamKL_TeamB",185,4323,4059
"113","1900_07_TeamKL_TeamB",187,4752,4555
"114","1900_08_TeamKL_TeamB",2,NA,1386
"115","1900_08_TeamKL_TeamB",4,4225,4026
"116","1900_08_TeamKL_TeamB",14,NA,3961
"117","1900_08_TeamKL_TeamB",24,NA,3333
"118","1900_08_TeamKL_TeamB",52,4125,3927
"119","1900_08_TeamKL_TeamB",58,NA,3895
"120","1900_08_TeamKL_TeamB",82,NA,4092
"121","1900_08_TeamKL_TeamB",115,4390,4126
"122","1900_08_TeamKL_TeamB",130,NA,4389
"123","1900_08_TeamKL_TeamB",134,4588,4192
"124","1900_08_TeamKL_TeamB",174,NA,4126
"125","1900_08_TeamKL_TeamB",179,NA,3862
"126","1900_08_TeamKL_TeamB",180,4126,1650
"127","1900_08_TeamKL_TeamB",186,3993,3960
"128","1900_08_TeamKL_TeamB",207,NA,4158
"129","1900_08_TeamKL_TeamB",220,NA,4390
"130","1900_08_TeamKL_TeamB",228,NA,4224
"131","1900_08_TeamKL_TeamB",242,NA,3960
"132","1900_08_TeamKL_TeamB",257,NA,4191
"133","1900_09_TeamKK_TeamB",11,NA,4258
"134","1900_09_TeamKK_TeamB",18,3697,3532
"135","1900_09_TeamKK_TeamB",23,NA,4356
"136","1900_09_TeamKK_TeamB",35,NA,4060
"137","1900_09_TeamKK_TeamB",58,4918,4291
"138","1900_09_TeamKK_TeamB",91,4126,3829
"139","1900_09_TeamKK_TeamB",137,6370,1122
"140","1900_09_TeamKK_TeamB",155,4423,4225
"141","1900_09_TeamKK_TeamB",160,NA,4059
"142","1900_09_TeamKK_TeamB",170,4357,4192
"143","1900_09_TeamKK_TeamB",171,NA,4555
"144","1900_09_TeamKK_TeamB",195,NA,2245
"145","1900_09_TeamKK_TeamB",197,NA,4060
"146","1900_09_TeamKK_TeamB",208,NA,1849
"147","1900_09_TeamKK_TeamB",213,NA,1320
"148","1900_09_TeamKK_TeamB",221,4852,10496
"149","1900_09_TeamKK_TeamB",228,NA,4092
"150","1900_09_TeamKK_TeamB",242,NA,4225
"151","1901_01_TeamLG_TeamA3",21,NA,3950
"152","1901_01_TeamLG_TeamA3",26,NA,4150
"153","1901_01_TeamLG_TeamA3",28,4500,4100
"154","1901_01_TeamLG_TeamA3",41,4500,4100
"155","1901_01_TeamLG_TeamA3",43,NA,4150
"156","1901_01_TeamLG_TeamA3",64,NA,NA
"157","1901_01_TeamLG_TeamA3",66,NA,NA
"158","1901_01_TeamLG_TeamA3",70,NA,NA
"159","1901_01_TeamLG_TeamA3",72,NA,3850
"160","1901_01_TeamLG_TeamA3",95,4400,3950
"161","1901_01_TeamLG_TeamA3",103,NA,3800
"162","1901_01_TeamLG_TeamA3",108,NA,900
"163","1901_01_TeamLG_TeamA3",114,NA,5050
"164","1901_01_TeamLG_TeamA3",119,NA,4150
"165","1901_01_TeamLG_TeamA3",155,4750,4850
"166","1901_01_TeamLG_TeamA3",156,NA,NA
"167","1901_01_TeamLG_TeamA3",159,NA,NA
"168","1901_01_TeamLG_TeamA3",167,NA,650
"169","1901_01_TeamLG_TeamA3",168,NA,5450
"170","1901_01_TeamLG_TeamA3",176,NA,3900
"171","1901_01_TeamLG_TeamA3",223,NA,4050
"172","1901_01_TeamLG_TeamA3",235,5150,4350
"173","1901_01_TeamLG_TeamA3",241,NA,3950
"174","1901_02_TeamLG_TeamA3",29,NA,2450
"175","1901_02_TeamLG_TeamA3",33,5100,3950
"176","1901_02_TeamLG_TeamA3",59,4550,4400
"177","1901_02_TeamLG_TeamA3",69,NA,3250
"178","1901_02_TeamLG_TeamA3",85,NA,3850
"179","1901_02_TeamLG_TeamA3",94,NA,2250
"180","1901_02_TeamLG_TeamA3",98,NA,NA
"181","1901_02_TeamLG_TeamA3",112,4450,4550
"182","1901_02_TeamLG_TeamA3",114,NA,NA
"183","1901_02_TeamLG_TeamA3",125,NA,4000
"184","1901_02_TeamLG_TeamA3",131,NA,NA
"185","1901_02_TeamLG_TeamA3",133,NA,NA
"186","1901_02_TeamLG_TeamA3",146,NA,NA
"187","1901_02_TeamLG_TeamA3",150,4450,4200
"188","1901_02_TeamLG_TeamA3",171,NA,NA
"189","1901_02_TeamLG_TeamA3",188,NA,3750
"190","1901_02_TeamLG_TeamA3",208,NA,NA
"191","1901_02_TeamLG_TeamA3",229,NA,3800
"192","1901_02_TeamLG_TeamA3",232,NA,1000
"193","1901_02_TeamLG_TeamA3",236,4650,4250
"194","1901_02_TeamLG_TeamA3",269,NA,NA
"195","1901_02_TeamLG_TeamA3",296,4550,4050
"196","1901_03_TeamLG_TeamA3",3,NA,NA
"197","1901_03_TeamLG_TeamA3",8,NA,NA
"198","1901_03_TeamLG_TeamA3",11,NA,NA
"199","1901_03_TeamLG_TeamA3",15,NA,1000
"200","1901_03_TeamLG_TeamA3",21,4750,3650
"201","1901_03_TeamLG_TeamA3",53,NA,NA
"202","1901_03_TeamLG_TeamA3",56,4350,4450
"203","1901_03_TeamLG_TeamA3",57,NA,NA
"204","1901_03_TeamLG_TeamA3",59,NA,4150
"205","1901_03_TeamLG_TeamA3",62,NA,4150
"206","1901_03_TeamLG_TeamA3",88,NA,4300
"207","1901_03_TeamLG_TeamA3",90,NA,4200
"208","1901_03_TeamLG_TeamA3",96,4400,3850
"209","1901_03_TeamLG_TeamA3",115,4200,2050
"210","1901_03_TeamLG_TeamA3",122,NA,4300
"211","1901_03_TeamLG_TeamA3",144,4950,4150
"212","1901_03_TeamLG_TeamA3",147,NA,4400
"213","1901_03_TeamLG_TeamA3",162,4850,3800
"214","1901_03_TeamLG_TeamA3",168,5150,4050
"215","1901_03_TeamLG_TeamA3",171,4750,4050
"216","1901_03_TeamLG_TeamA3",176,4750,4400
"217","1901_03_TeamLG_TeamA3",179,NA,1300
"218","1901_03_TeamLG_TeamA3",182,NA,4050
"219","1901_03_TeamLG_TeamA3",205,NA,5000
"220","1901_03_TeamLG_TeamA3",212,NA,NA
"221","1901_03_TeamLG_TeamA3",214,NA,NA
"222","1901_03_TeamLG_TeamA3",235,NA,4400
"223","1901_03_TeamLG_TeamA3",237,5850,7250
"224","1901_03_TeamLG_TeamA3",256,NA,3950
"225","1901_03_TeamLG_TeamA3",259,NA,NA
"226","1901_04_TeamLI_TeamA3",20,5999,8499
"227","1901_04_TeamLI_TeamA3",51,NA,6000
"228","1901_04_TeamLI_TeamA3",71,4600,4100
"229","1901_04_TeamLI_TeamA3",91,NA,4300
"230","1901_04_TeamLI_TeamA3",95,NA,1600
"231","1901_04_TeamLI_TeamA3",102,5100,4500
"232","1901_04_TeamLI_TeamA3",111,NA,3950
"233","1901_04_TeamLI_TeamA3",121,NA,3850
"234","1901_04_TeamLI_TeamA3",142,4200,4250
"235","1901_04_TeamLI_TeamA3",148,4350,4150
"236","1901_04_TeamLI_TeamA3",158,NA,6100
"237","1901_04_TeamLI_TeamA3",167,NA,5400
"238","1901_04_TeamLI_TeamA3",171,NA,2600
"239","1901_04_TeamLI_TeamA3",180,NA,5500
"240","1901_04_TeamLI_TeamA3",186,4450,4200
"241","1901_04_TeamLI_TeamA3",196,NA,3750
"242","1901_04_TeamLI_TeamA3",237,NA,4000
"243","1901_04_TeamLI_TeamA3",248,4600,4300
"244","1901_04_TeamLI_TeamA3",259,NA,4150
"245","1901_04_TeamLI_TeamA3",295,NA,4100
"246","1901_04_TeamLI_TeamA3",298,NA,4000
"247","1901_04_TeamLI_TeamA3",309,NA,4150
"248","1901_04_TeamLI_TeamA3",313,NA,1400
"249","1901_05_TeamLI_TeamA3",6,NA,NA
"250","1901_05_TeamLI_TeamA3",8,NA,NA
"251","1901_05_TeamLI_TeamA3",30,NA,NA
"252","1901_05_TeamLI_TeamA3",32,NA,NA
"253","1901_05_TeamLI_TeamA3",33,NA,NA
"254","1901_05_TeamLI_TeamA3",119,NA,4050
"255","1901_05_TeamLI_TeamA3",150,NA,2600
"256","1901_05_TeamLI_TeamA3",153,NA,3850
"257","1901_05_TeamLI_TeamA3",162,NA,4150
"258","1901_05_TeamLI_TeamA3",243,NA,3800
"259","1901_05_TeamLI_TeamA3",247,NA,4200
"260","1901_05_TeamLI_TeamA3",250,NA,4000
"261","1901_05_TeamLI_TeamA3",295,4700,4300
"262","1901_05_TeamLI_TeamA3",299,NA,4100
"263","1901_05_TeamLI_TeamA3",310,NA,4050
"264","1901_05_TeamLI_TeamA3",334,5050,4200
"265","1901_06_TeamLI_TeamA3",14,NA,4500
"266","1901_06_TeamLI_TeamA3",18,NA,4100
"267","1901_06_TeamLI_TeamA3",24,NA,3500
"268","1901_06_TeamLI_TeamA3",30,NA,3900
"269","1901_06_TeamLI_TeamA3",32,NA,1100
"270","1901_06_TeamLI_TeamA3",46,NA,4000
"271","1901_06_TeamLI_TeamA3",59,NA,950
"272","1901_06_TeamLI_TeamA3",64,NA,3850
"273","1901_06_TeamLI_TeamA3",71,NA,4050
"274","1901_06_TeamLI_TeamA3",79,NA,4250
"275","1901_06_TeamLI_TeamA3",84,NA,4000
"276","1901_06_TeamLI_TeamA3",87,NA,4000
"277","1901_06_TeamLI_TeamA3",101,5950,6550
"278","1901_06_TeamLI_TeamA3",122,NA,1550
"279","1901_06_TeamLI_TeamA3",131,4650,4000
"280","1901_06_TeamLI_TeamA3",154,NA,4000
"281","1901_06_TeamLI_TeamA3",161,NA,4350
"282","1901_06_TeamLI_TeamA3",196,NA,4100
"283","1901_06_TeamLI_TeamA3",205,NA,NA
"284","1901_06_TeamLI_TeamA3",215,NA,3650
"285","1901_06_TeamLI_TeamA3",216,4850,3950
"286","1901_06_TeamLI_TeamA3",226,4450,3900
"287","1901_06_TeamLI_TeamA3",238,5400,5050
"288","1901_07_TeamLK_TeamB",6,5100,4250
"289","1901_07_TeamLK_TeamB",24,NA,4200
"290","1901_07_TeamLK_TeamB",38,NA,4000
"291","1901_07_TeamLK_TeamB",51,NA,3650
"292","1901_07_TeamLK_TeamB",53,4400,4050
"293","1901_07_TeamLK_TeamB",54,NA,3700
"294","1901_07_TeamLK_TeamB",61,NA,6250
"295","1901_07_TeamLK_TeamB",66,NA,3950
"296","1901_07_TeamLK_TeamB",91,NA,4300
"297","1901_07_TeamLK_TeamB",125,NA,3950
"298","1901_07_TeamLK_TeamB",131,NA,4400
"299","1901_07_TeamLK_TeamB",150,NA,NA
"300","1901_07_TeamLK_TeamB",154,NA,4300
"301","1901_07_TeamLK_TeamB",164,4300,4050
"302","1901_07_TeamLK_TeamB",170,NA,NA
"303","1901_07_TeamLK_TeamB",174,NA,NA
"304","1901_07_TeamLK_TeamB",177,NA,NA
"305","1901_07_TeamLK_TeamB",182,NA,3900
"306","1901_07_TeamLK_TeamB",188,NA,NA
"307","1901_07_TeamLK_TeamB",191,NA,NA
"308","1901_07_TeamLK_TeamB",192,4450,4150
"309","1901_07_TeamLK_TeamB",194,4450,4150
"310","1901_07_TeamLK_TeamB",205,NA,4100
"311","1901_07_TeamLK_TeamB",214,NA,4100
"312","1901_07_TeamLK_TeamB",230,NA,3650
"313","1901_07_TeamLK_TeamB",249,NA,4200
"314","1901_08_TeamLK_TeamB",12,NA,NA
"315","1901_08_TeamLK_TeamB",22,NA,NA
"316","1901_08_TeamLK_TeamB",36,NA,3900
"317","1901_08_TeamLK_TeamB",40,NA,2500
"318","1901_08_TeamLK_TeamB",62,NA,3950
"319","1901_08_TeamLK_TeamB",69,4500,4250
"320","1901_08_TeamLK_TeamB",76,NA,NA
"321","1901_08_TeamLK_TeamB",77,NA,NA
"322","1901_08_TeamLK_TeamB",81,NA,4100
"323","1901_08_TeamLK_TeamB",84,NA,3650
"324","1901_08_TeamLK_TeamB",111,4050,3950
"325","1901_08_TeamLK_TeamB",117,NA,4150
"326","1901_08_TeamLK_TeamB",120,NA,3550
"327","1901_08_TeamLK_TeamB",123,NA,900
"328","1901_08_TeamLK_TeamB",129,NA,NA
"329","1901_08_TeamLK_TeamB",139,NA,3850
"330","1901_08_TeamLK_TeamB",143,NA,4150
"331","1901_08_TeamLK_TeamB",146,NA,3650
"332","1901_08_TeamLK_TeamB",150,NA,1250
"333","1901_08_TeamLK_TeamB",158,4600,4450
"334","1901_08_TeamLK_TeamB",184,4550,4050
"335","1901_08_TeamLK_TeamB",193,NA,4150
"336","1901_08_TeamLK_TeamB",200,5150,1350
"337","1901_08_TeamLK_TeamB",231,NA,3450
"338","1901_08_TeamLK_TeamB",248,NA,4450
"339","1901_09_TeamLK_TeamB",11,NA,4150
"340","1901_09_TeamLK_TeamB",12,4550,4100
"341","1901_09_TeamLK_TeamB",19,4350,4350
"342","1901_09_TeamLK_TeamB",38,4300,4050
"343","1901_09_TeamLK_TeamB",42,4750,4550
"344","1901_09_TeamLK_TeamB",45,5550,5650
"345","1901_09_TeamLK_TeamB",49,NA,NA
"346","1901_09_TeamLK_TeamB",50,NA,4150
"347","1901_09_TeamLK_TeamB",53,4250,3950
"348","1901_09_TeamLK_TeamB",61,NA,NA
"349","1901_09_TeamLK_TeamB",62,NA,NA
"350","1901_09_TeamLK_TeamB",78,NA,4100
"351","1901_09_TeamLK_TeamB",85,NA,NA
"352","1901_09_TeamLK_TeamB",86,NA,3850
"353","1901_09_TeamLK_TeamB",91,NA,1200
"354","1901_09_TeamLK_TeamB",96,NA,3800
"355","1901_09_TeamLK_TeamB",116,NA,3850
"356","1901_09_TeamLK_TeamB",136,NA,5700
"357","1901_09_TeamLK_TeamB",143,3900,1450
"358","1901_09_TeamLK_TeamB",160,4550,4800
"359","1901_09_TeamLK_TeamB",161,NA,NA
"360","1901_09_TeamLK_TeamB",176,4500,1500
"361","1901_09_TeamLK_TeamB",189,NA,4700
"362","1901_09_TeamLK_TeamB",193,NA,3800
"363","1901_09_TeamLK_TeamB",205,NA,4200
"364","1901_09_TeamLK_TeamB",207,4000,3550
"365","1901_09_TeamLK_TeamB",241,NA,3950
"366","1901_09_TeamLK_TeamB",254,NA,NA
"367","1901_10_TeamLJ_TeamB",6,5850,5800
"368","1901_10_TeamLJ_TeamB",10,4150,4000
"369","1901_10_TeamLJ_TeamB",17,NA,4100
"370","1901_10_TeamLJ_TeamB",29,4300,4050
"371","1901_10_TeamLJ_TeamB",37,NA,4100
"372","1901_10_TeamLJ_TeamB",50,NA,NA
"373","1901_10_TeamLJ_TeamB",53,NA,4050
"374","1901_10_TeamLJ_TeamB",84,NA,3600
"375","1901_10_TeamLJ_TeamB",87,NA,4000
"376","1901_10_TeamLJ_TeamB",93,4000,3750
"377","1901_10_TeamLJ_TeamB",122,4750,4750
"378","1901_10_TeamLJ_TeamB",132,4650,4400
"379","1901_10_TeamLJ_TeamB",148,NA,NA
"380","1901_10_TeamLJ_TeamB",165,NA,2450
"381","1901_10_TeamLJ_TeamB",176,5100,4650
"382","1901_10_TeamLJ_TeamB",181,NA,3750
"383","1901_10_TeamLJ_TeamB",185,4100,3850
"384","1901_10_TeamLJ_TeamB",192,NA,3750
"385","1901_10_TeamLJ_TeamB",197,NA,4000
"386","1901_10_TeamLJ_TeamB",210,NA,4100
"387","1901_10_TeamLJ_TeamB",214,NA,4050
"388","1901_10_TeamLJ_TeamB",216,NA,4450
"389","1901_10_TeamLJ_TeamB",244,8500,8700
"390","1901_10_TeamLJ_TeamB",249,NA,3950
"391","1901_10_TeamLJ_TeamB",251,NA,2300
"392","1901_10_TeamLJ_TeamB",256,NA,3900
"393","1901_11_TeamLJ_TeamB",39,NA,NA
"394","1901_11_TeamLJ_TeamB",55,4250,4050
"395","1901_11_TeamLJ_TeamB",71,NA,4150
"396","1901_11_TeamLJ_TeamB",101,4450,11500
"397","1901_11_TeamLJ_TeamB",107,NA,1000
"398","1901_11_TeamLJ_TeamB",113,NA,NA
"399","1901_11_TeamLJ_TeamB",139,4400,4300
"400","1901_11_TeamLJ_TeamB",146,4250,4100
"401","1901_11_TeamLJ_TeamB",153,4600,4350
"402","1901_11_TeamLJ_TeamB",154,NA,3350
"403","1901_11_TeamLJ_TeamB",164,NA,3850
"404","1901_11_TeamLJ_TeamB",189,NA,3800
"405","1901_11_TeamLJ_TeamB",193,NA,3700
"406","1901_11_TeamLJ_TeamB",204,NA,3750
"407","1901_11_TeamLJ_TeamB",208,NA,NA
"408","1901_11_TeamLJ_TeamB",220,NA,4000
"409","1901_11_TeamLJ_TeamB",250,NA,3850
"410","1901_11_TeamLJ_TeamB",282,NA,3700
"411","1901_11_TeamLJ_TeamB",296,NA,4050
"412","1901_12_TeamLJ_TeamB",13,NA,NA
"413","1901_12_TeamLJ_TeamB",23,3900,1200
"414","1901_12_TeamLJ_TeamB",54,NA,3400
"415","1901_12_TeamLJ_TeamB",58,NA,3900
"416","1901_12_TeamLJ_TeamB",76,NA,NA
"417","1901_12_TeamLJ_TeamB",83,NA,4100
"418","1901_12_TeamLJ_TeamB",94,NA,3850
"419","1901_12_TeamLJ_TeamB",110,4150,1600
"420","1901_12_TeamLJ_TeamB",139,NA,4150
"421","1901_12_TeamLJ_TeamB",166,NA,NA
"422","1901_12_TeamLJ_TeamB",174,NA,4550
"423","1901_12_TeamLJ_TeamB",186,NA,NA
"424","1901_12_TeamLJ_TeamB",210,NA,4050
"425","1901_12_TeamLJ_TeamB",215,NA,4000
"426","1901_12_TeamLJ_TeamB",252,NA,4000
"427","1901_12_TeamLJ_TeamB",263,NA,3850
"428","1901_12_TeamLJ_TeamB",268,NA,4350
"429","1901_12_TeamLJ_TeamB",269,NA,3900
"430","1901_13_TeamLL_TeamB",5,NA,4000
"431","1901_13_TeamLL_TeamB",13,NA,4250
"432","1901_13_TeamLL_TeamB",69,NA,3850
"433","1901_13_TeamLL_TeamB",132,4450,3700
"434","1901_13_TeamLL_TeamB",136,NA,4300
"435","1901_13_TeamLL_TeamB",138,NA,1950
"436","1901_13_TeamLL_TeamB",140,NA,3850
"437","1901_13_TeamLL_TeamB",148,5150,6250
"438","1901_13_TeamLL_TeamB",164,NA,1350
"439","1901_13_TeamLL_TeamB",166,5250,11750
"440","1901_13_TeamLL_TeamB",180,NA,1100
"441","1901_13_TeamLL_TeamB",183,NA,4000
"442","1901_13_TeamLL_TeamB",193,NA,4250
"443","1901_13_TeamLL_TeamB",195,NA,3950
"444","1901_13_TeamLL_TeamB",199,NA,3700
"445","1901_13_TeamLL_TeamB",204,NA,3800
"446","1901_13_TeamLL_TeamB",221,NA,4050
"447","1901_13_TeamLL_TeamB",233,NA,3900
"448","1901_14_TeamLL_TeamB",6,NA,NA
"449","1901_14_TeamLL_TeamB",7,NA,3850
"450","1901_14_TeamLL_TeamB",22,NA,3600
"451","1901_14_TeamLL_TeamB",27,NA,NA
"452","1901_14_TeamLL_TeamB",32,NA,NA
"453","1901_14_TeamLL_TeamB",47,5850,6200
"454","1901_14_TeamLL_TeamB",52,NA,NA
"455","1901_14_TeamLL_TeamB",79,NA,4150
"456","1901_14_TeamLL_TeamB",85,NA,3350
"457","1901_14_TeamLL_TeamB",98,5850,8650
"458","1901_14_TeamLL_TeamB",105,NA,3950
"459","1901_14_TeamLL_TeamB",130,NA,NA
"460","1901_14_TeamLL_TeamB",139,NA,3750
"461","1901_14_TeamLL_TeamB",145,NA,1700
"462","1901_14_TeamLL_TeamB",164,NA,4200
"463","1901_14_TeamLL_TeamB",175,NA,NA
"464","1901_14_TeamLL_TeamB",199,NA,4000
"465","1901_14_TeamLL_TeamB",214,NA,NA
"466","1901_14_TeamLL_TeamB",219,NA,2350
"467","1901_14_TeamLL_TeamB",254,NA,4250
"468","1901_15_TeamLL_TeamB",2,NA,4049
"469","1901_15_TeamLL_TeamB",14,NA,4250
"470","1901_15_TeamLL_TeamB",24,NA,NA
"471","1901_15_TeamLL_TeamB",38,NA,4150
"472","1901_15_TeamLL_TeamB",78,NA,1000
"473","1901_15_TeamLL_TeamB",91,NA,4000
"474","1901_15_TeamLL_TeamB",98,NA,4150
"475","1901_15_TeamLL_TeamB",113,NA,NA
"476","1901_15_TeamLL_TeamB",121,NA,NA
"477","1901_15_TeamLL_TeamB",137,NA,4450
"478","1901_15_TeamLL_TeamB",146,NA,NA
"479","1901_15_TeamLL_TeamB",150,NA,NA
"480","1901_15_TeamLL_TeamB",156,4600,1850
"481","1901_15_TeamLL_TeamB",172,NA,4200
"482","1901_15_TeamLL_TeamB",187,4800,3950
"483","1901_15_TeamLL_TeamB",213,NA,4650
"484","1901_15_TeamLL_TeamB",223,NA,4450
"485","1901_15_TeamLL_TeamB",230,NA,5850
"486","1901_15_TeamLL_TeamB",232,NA,3850
"487","1901_15_TeamLL_TeamB",237,NA,3500
"488","1901_15_TeamLL_TeamB",248,NA,3950
"489","1901_16_TeamLH_TeamA3",9,NA,1350
"490","1901_16_TeamLH_TeamA3",13,5550,10600
"491","1901_16_TeamLH_TeamA3",22,4800,1850
"492","1901_16_TeamLH_TeamA3",53,4900,2750
"493","1901_16_TeamLH_TeamA3",73,NA,1050
"494","1901_16_TeamLH_TeamA3",85,NA,NA
"495","1901_16_TeamLH_TeamA3",86,NA,NA
"496","1901_16_TeamLH_TeamA3",103,NA,NA
"497","1901_16_TeamLH_TeamA3",117,NA,3800
"498","1901_16_TeamLH_TeamA3",118,NA,4200
"499","1901_16_TeamLH_TeamA3",132,NA,NA
"500","1901_16_TeamLH_TeamA3",137,NA,NA
"501","1901_16_TeamLH_TeamA3",144,4300,4300
"502","1901_16_TeamLH_TeamA3",178,NA,NA
"503","1901_16_TeamLH_TeamA3",182,NA,NA
"504","1901_16_TeamLH_TeamA3",188,NA,4000
"505","1901_16_TeamLH_TeamA3",211,NA,4050
"506","1901_16_TeamLH_TeamA3",214,4650,4150
"507","1901_16_TeamLH_TeamA3",240,NA,4700
"508","1901_16_TeamLH_TeamA3",242,NA,1200
"509","1901_16_TeamLH_TeamA3",249,NA,3650
"510","1901_16_TeamLH_TeamA3",262,4600,4350
"511","1901_16_TeamLH_TeamA3",303,4550,4350
"512","1901_17_TeamLH_TeamA3",4,NA,NA
"513","1901_17_TeamLH_TeamA3",5,NA,NA
"514","1901_17_TeamLH_TeamA3",7,NA,NA
"515","1901_17_TeamLH_TeamA3",9,NA,NA
"516","1901_17_TeamLH_TeamA3",12,4200,3750
"517","1901_17_TeamLH_TeamA3",19,NA,3900
"518","1901_17_TeamLH_TeamA3",34,NA,3800
"519","1901_17_TeamLH_TeamA3",50,NA,3750
"520","1901_17_TeamLH_TeamA3",61,NA,4250
"521","1901_17_TeamLH_TeamA3",112,NA,3850
"522","1901_17_TeamLH_TeamA3",124,NA,NA
"523","1901_17_TeamLH_TeamA3",140,NA,3900
"524","1901_17_TeamLH_TeamA3",163,4750,4150
"525","1901_17_TeamLH_TeamA3",174,4750,4550
"526","1901_17_TeamLH_TeamA3",182,NA,3450
"527","1901_17_TeamLH_TeamA3",183,NA,5400
"528","1901_17_TeamLH_TeamA3",188,NA,3850
"529","1901_17_TeamLH_TeamA3",208,NA,NA
"530","1901_17_TeamLH_TeamA3",244,NA,NA
"531","1901_17_TeamLH_TeamA3",245,NA,NA
"532","1901_17_TeamLH_TeamA3",252,NA,4200
"533","1901_17_TeamLH_TeamA3",260,NA,4100
"534","1901_17_TeamLH_TeamA3",283,4350,4100
"535","1901_17_TeamLH_TeamA3",284,NA,NA
"536","1901_17_TeamLH_TeamA3",319,NA,1000
"537","1901_17_TeamLH_TeamA3",324,NA,2000
"538","1901_17_TeamLH_TeamA3",330,NA,3850
"539","1901_17_TeamLH_TeamA3",332,NA,5800
"540","1901_17_TeamLH_TeamA3",340,NA,3800
"541","1901_18_TeamLH_TeamA3",11,NA,NA
"542","1901_18_TeamLH_TeamA3",16,NA,NA
"543","1901_18_TeamLH_TeamA3",27,NA,1050
"544","1901_18_TeamLH_TeamA3",30,4300,4050
"545","1901_18_TeamLH_TeamA3",32,NA,3700
"546","1901_18_TeamLH_TeamA3",68,5000,4500
"547","1901_18_TeamLH_TeamA3",85,NA,3900
"548","1901_18_TeamLH_TeamA3",95,NA,3350
"549","1901_18_TeamLH_TeamA3",99,NA,7200
"550","1901_18_TeamLH_TeamA3",133,NA,NA
"551","1901_18_TeamLH_TeamA3",180,4850,4550
"552","1901_18_TeamLH_TeamA3",221,NA,NA
"553","1901_18_TeamLH_TeamA3",247,NA,1000
"554","1901_18_TeamLH_TeamA3",252,4450,4250
"555","1901_18_TeamLH_TeamA3",255,NA,4200
"556","1901_18_TeamLH_TeamA3",272,NA,NA
"557","1901_18_TeamLH_TeamA3",275,NA,3550
"558","1902_01_TeamMG_TeamA3",6,NA,3600
"559","1902_01_TeamMG_TeamA3",15,NA,4000
"560","1902_01_TeamMG_TeamA3",18,NA,5400
"561","1902_01_TeamMG_TeamA3",25,4350,4100
"562","1902_01_TeamMG_TeamA3",43,NA,NA
"563","1902_01_TeamMG_TeamA3",45,NA,NA
"564","1902_01_TeamMG_TeamA3",46,NA,3200
"565","1902_01_TeamMG_TeamA3",64,NA,3850
"566","1902_01_TeamMG_TeamA3",71,NA,NA
"567","1902_01_TeamMG_TeamA3",133,5200,6300
"568","1902_01_TeamMG_TeamA3",169,NA,3850
"569","1902_01_TeamMG_TeamA3",189,NA,3700
"570","1902_01_TeamMG_TeamA3",193,NA,1700
"571","1902_01_TeamMG_TeamA3",212,NA,1550
"572","1902_01_TeamMG_TeamA3",252,NA,1850
"573","1902_01_TeamMG_TeamA3",254,NA,4000
"574","1902_02_TeamMG_TeamA3",22,NA,NA
"575","1902_02_TeamMG_TeamA3",26,NA,NA
"576","1902_02_TeamMG_TeamA3",27,NA,NA
"577","1902_02_TeamMG_TeamA3",43,NA,1700
"578","1902_02_TeamMG_TeamA3",44,4500,9300
"579","1902_02_TeamMG_TeamA3",68,NA,3950
"580","1902_02_TeamMG_TeamA3",79,4650,4200
"581","1902_02_TeamMG_TeamA3",87,NA,NA
"582","1902_02_TeamMG_TeamA3",161,4750,4300
"583","1902_02_TeamMG_TeamA3",185,NA,4000
"584","1902_02_TeamMG_TeamA3",215,4450,4350
"585","1902_02_TeamMG_TeamA3",249,NA,4100
"586","1902_02_TeamMG_TeamA3",296,NA,4150
"587","1902_02_TeamMG_TeamA3",302,4550,4200
"588","1902_02_TeamMG_TeamA3",337,NA,4250
"589","1902_02_TeamMG_TeamA3",339,4650,3300
"590","1902_02_TeamMG_TeamA3",341,NA,3850
"591","1902_02_TeamMG_TeamA3",353,NA,3750
"592","1902_02_TeamMG_TeamA3",354,NA,4100
"593","1902_02_TeamMG_TeamA3",356,NA,4000
"594","1902_02_TeamMG_TeamA3",358,NA,3950
"595","1902_03_TeamMG_TeamA3",15,NA,4250
"596","1902_03_TeamMG_TeamA3",16,NA,3600
"597","1902_03_TeamMG_TeamA3",18,NA,3300
"598","1902_03_TeamMG_TeamA3",24,4250,4200
"599","1902_03_TeamMG_TeamA3",26,NA,NA
"600","1902_03_TeamMG_TeamA3",28,NA,1900
"601","1902_03_TeamMG_TeamA3",53,NA,4350
"602","1902_03_TeamMG_TeamA3",87,NA,3600
"603","1902_03_TeamMG_TeamA3",99,NA,4300
"604","1902_03_TeamMG_TeamA3",102,NA,4100
"605","1902_03_TeamMG_TeamA3",105,NA,3850
"606","1902_03_TeamMG_TeamA3",106,4450,4200
"607","1902_03_TeamMG_TeamA3",122,NA,3950
"608","1902_03_TeamMG_TeamA3",126,NA,4100
"609","1902_03_TeamMG_TeamA3",130,NA,NA
"610","1902_03_TeamMG_TeamA3",134,NA,5750
"611","1902_03_TeamMG_TeamA3",137,NA,3700
"612","1902_03_TeamMG_TeamA3",146,NA,2100
"613","1902_03_TeamMG_TeamA3",160,5200,6600
"614","1902_03_TeamMG_TeamA3",187,4600,3850
"615","1902_03_TeamMG_TeamA3",190,NA,800
"616","1902_03_TeamMG_TeamA3",200,NA,4100
"617","1902_03_TeamMG_TeamA3",230,NA,3850
"618","1902_03_TeamMG_TeamA3",264,5200,12200
"619","1902_03_TeamMG_TeamA3",321,NA,4000
"620","1902_04_TeamML_TeamB",13,NA,3450
"621","1902_04_TeamML_TeamB",15,NA,3900
"622","1902_04_TeamML_TeamB",39,NA,4350
"623","1902_04_TeamML_TeamB",40,4050,3800
"624","1902_04_TeamML_TeamB",43,4200,4300
"625","1902_04_TeamML_TeamB",44,NA,NA
"626","1902_04_TeamML_TeamB",45,NA,NA
"627","1902_04_TeamML_TeamB",46,NA,NA
"628","1902_04_TeamML_TeamB",53,NA,4000
"629","1902_04_TeamML_TeamB",80,NA,NA
"630","1902_04_TeamML_TeamB",93,4400,4300
"631","1902_04_TeamML_TeamB",104,NA,4200
"632","1902_04_TeamML_TeamB",109,NA,4000
"633","1902_04_TeamML_TeamB",110,NA,4000
"634","1902_04_TeamML_TeamB",129,4300,4000
"635","1902_04_TeamML_TeamB",135,NA,3850
"636","1902_04_TeamML_TeamB",140,NA,3800
"637","1902_04_TeamML_TeamB",158,4500,4350
"638","1902_04_TeamML_TeamB",165,NA,4050
"639","1902_04_TeamML_TeamB",180,NA,NA
"640","1902_04_TeamML_TeamB",182,4850,8700
"641","1902_04_TeamML_TeamB",189,4300,4350
"642","1902_04_TeamML_TeamB",192,4350,4400
"643","1902_04_TeamML_TeamB",205,NA,3750
"644","1902_04_TeamML_TeamB",216,NA,NA
"645","1902_04_TeamML_TeamB",224,5850,8350
"646","1902_04_TeamML_TeamB",247,5500,9450
"647","1902_04_TeamML_TeamB",275,5850,6200
"648","1902_04_TeamML_TeamB",287,5000,5750
"649","1902_04_TeamML_TeamB",292,6450,6300
"650","1902_04_TeamML_TeamB",301,NA,3800
"651","1902_05_TeamML_TeamB",7,NA,NA
"652","1902_05_TeamML_TeamB",9,NA,NA
"653","1902_05_TeamML_TeamB",25,4050,3200
"654","1902_05_TeamML_TeamB",27,NA,NA
"655","1902_05_TeamML_TeamB",35,NA,NA
"656","1902_05_TeamML_TeamB",36,4200,2450
"657","1902_05_TeamML_TeamB",43,4600,1550
"658","1902_05_TeamML_TeamB",46,4900,7200
"659","1902_05_TeamML_TeamB",54,NA,4050
"660","1902_05_TeamML_TeamB",60,NA,NA
"661","1902_05_TeamML_TeamB",61,NA,NA
"662","1902_05_TeamML_TeamB",97,NA,NA
"663","1902_05_TeamML_TeamB",104,4850,8600
"664","1902_05_TeamML_TeamB",143,NA,4050
"665","1902_05_TeamML_TeamB",145,NA,3950
"666","1902_05_TeamML_TeamB",155,NA,1450
"667","1902_05_TeamML_TeamB",161,NA,NA
"668","1902_05_TeamML_TeamB",165,NA,NA
"669","1902_05_TeamML_TeamB",166,NA,NA
"670","1902_05_TeamML_TeamB",169,NA,NA
"671","1902_05_TeamML_TeamB",178,4650,3150
"672","1902_05_TeamML_TeamB",206,NA,4100
"673","1902_05_TeamML_TeamB",214,NA,3900
"674","1902_05_TeamML_TeamB",220,NA,4250
"675","1902_05_TeamML_TeamB",226,NA,1800
"676","1902_05_TeamML_TeamB",239,NA,NA
"677","1902_05_TeamML_TeamB",240,NA,NA
"678","1902_05_TeamML_TeamB",262,NA,NA
"679","1902_05_TeamML_TeamB",276,NA,4050
"680","1902_05_TeamML_TeamB",311,NA,2600
"681","1902_05_TeamML_TeamB",315,NA,NA
"682","1902_05_TeamML_TeamB",321,4300,4300
"683","1902_05_TeamML_TeamB",322,NA,NA
"684","1902_06_TeamML_TeamB",15,4300,4150
"685","1902_06_TeamML_TeamB",22,NA,4050
"686","1902_06_TeamML_TeamB",32,NA,3950
"687","1902_06_TeamML_TeamB",36,NA,3350
"688","1902_06_TeamML_TeamB",45,NA,4250
"689","1902_06_TeamML_TeamB",72,NA,3650
"690","1902_06_TeamML_TeamB",87,NA,1400
"691","1902_06_TeamML_TeamB",104,5400,5700
"692","1902_06_TeamML_TeamB",118,NA,3750
"693","1902_06_TeamML_TeamB",125,NA,4550
"694","1902_06_TeamML_TeamB",140,NA,NA
"695","1902_06_TeamML_TeamB",141,NA,NA
"696","1902_06_TeamML_TeamB",143,5250,2400
"697","1902_06_TeamML_TeamB",154,NA,1700
"698","1902_06_TeamML_TeamB",164,NA,NA
"699","1902_06_TeamML_TeamB",185,NA,900
"700","1902_06_TeamML_TeamB",191,NA,3850
"701","1902_06_TeamML_TeamB",211,NA,NA
"702","1902_06_TeamML_TeamB",214,NA,NA
"703","1902_06_TeamML_TeamB",222,NA,5900
"704","1902_06_TeamML_TeamB",247,5500,9450
"705","1902_06_TeamML_TeamB",249,NA,1050
"706","1902_06_TeamML_TeamB",267,4450,4150
"707","1902_06_TeamML_TeamB",283,NA,5650
"708","1902_06_TeamML_TeamB",288,4500,4500
"709","1902_07_TeamMJ_TeamB",10,NA,NA
"710","1902_07_TeamMJ_TeamB",12,NA,800
"711","1902_07_TeamMJ_TeamB",25,NA,NA
"712","1902_07_TeamMJ_TeamB",73,NA,2200
"713","1902_07_TeamMJ_TeamB",76,NA,3950
"714","1902_07_TeamMJ_TeamB",85,NA,3850
"715","1902_07_TeamMJ_TeamB",93,NA,4600
"716","1902_07_TeamMJ_TeamB",101,NA,NA
"717","1902_07_TeamMJ_TeamB",102,NA,NA
"718","1902_07_TeamMJ_TeamB",121,NA,1350
"719","1902_07_TeamMJ_TeamB",125,NA,1950
"720","1902_07_TeamMJ_TeamB",129,NA,4050
"721","1902_07_TeamMJ_TeamB",132,NA,NA
"722","1902_07_TeamMJ_TeamB",136,NA,4250
"723","1902_07_TeamMJ_TeamB",166,NA,4300
"724","1902_07_TeamMJ_TeamB",176,NA,4150
"725","1902_07_TeamMJ_TeamB",180,NA,4200
"726","1902_07_TeamMJ_TeamB",195,NA,4300
"727","1902_07_TeamMJ_TeamB",197,NA,3750
"728","1902_07_TeamMJ_TeamB",223,NA,5700
"729","1902_07_TeamMJ_TeamB",232,NA,4350
"730","1902_07_TeamMJ_TeamB",235,NA,3850
"731","1902_07_TeamMJ_TeamB",237,4300,4150
"732","1902_07_TeamMJ_TeamB",249,NA,NA
"733","1902_07_TeamMJ_TeamB",252,NA,4050
"734","1902_07_TeamMJ_TeamB",281,NA,3800
"735","1902_07_TeamMJ_TeamB",286,NA,NA
"736","1902_07_TeamMJ_TeamB",288,NA,4050
"737","1902_08_TeamMJ_TeamB",28,NA,4550
"738","1902_08_TeamMJ_TeamB",29,NA,1500
"739","1902_08_TeamMJ_TeamB",34,NA,3750
"740","1902_08_TeamMJ_TeamB",49,NA,5850
"741","1902_08_TeamMJ_TeamB",70,NA,NA
"742","1902_08_TeamMJ_TeamB",74,NA,NA
"743","1902_08_TeamMJ_TeamB",75,NA,NA
"744","1902_08_TeamMJ_TeamB",79,NA,NA
"745","1902_08_TeamMJ_TeamB",99,4150,2850
"746","1902_08_TeamMJ_TeamB",101,NA,NA
"747","1902_08_TeamMJ_TeamB",108,NA,4050
"748","1902_08_TeamMJ_TeamB",123,4250,4000
"749","1902_08_TeamMJ_TeamB",132,NA,NA
"750","1902_08_TeamMJ_TeamB",133,NA,3500
"751","1902_08_TeamMJ_TeamB",158,NA,1100
"752","1902_08_TeamMJ_TeamB",160,NA,3900
"753","1902_08_TeamMJ_TeamB",164,NA,4000
"754","1902_08_TeamMJ_TeamB",182,NA,NA
"755","1902_08_TeamMJ_TeamB",183,NA,3550
"756","1902_08_TeamMJ_TeamB",195,NA,1250
"757","1902_08_TeamMJ_TeamB",202,NA,NA
"758","1902_08_TeamMJ_TeamB",226,NA,4050
"759","1902_08_TeamMJ_TeamB",227,4300,3750
"760","1902_08_TeamMJ_TeamB",230,NA,3650
"761","1902_08_TeamMJ_TeamB",260,NA,5250
"762","1902_08_TeamMJ_TeamB",272,NA,NA
"763","1902_08_TeamMJ_TeamB",285,4350,4250
"764","1902_08_TeamMJ_TeamB",316,4050,3800
"765","1902_08_TeamMJ_TeamB",318,NA,3850
"766","1902_08_TeamMJ_TeamB",321,NA,3800
"767","1902_08_TeamMJ_TeamB",325,NA,NA
"768","1902_08_TeamMJ_TeamB",332,NA,NA
"769","1902_08_TeamMJ_TeamB",342,NA,NA
"770","1902_08_TeamMJ_TeamB",357,4400,4200
"771","1902_08_TeamMJ_TeamB",362,NA,NA
"772","1902_08_TeamMJ_TeamB",368,NA,NA
"773","1902_08_TeamMJ_TeamB",370,NA,NA
"774","1902_08_TeamMJ_TeamB",371,NA,NA
"775","1902_08_TeamMJ_TeamB",374,NA,NA
"776","1902_08_TeamMJ_TeamB",378,NA,NA
"777","1902_08_TeamMJ_TeamB",379,NA,NA
"778","1902_09_TeamMJ_TeamB",1,NA,3550
"779","1902_09_TeamMJ_TeamB",10,NA,3650
"780","1902_09_TeamMJ_TeamB",23,4400,4450
"781","1902_09_TeamMJ_TeamB",36,4700,4700
"782","1902_09_TeamMJ_TeamB",37,NA,6350
"783","1902_09_TeamMJ_TeamB",40,NA,NA
"784","1902_09_TeamMJ_TeamB",76,4750,5200
"785","1902_09_TeamMJ_TeamB",148,NA,3750
"786","1902_09_TeamMJ_TeamB",184,NA,3900
"787","1902_09_TeamMJ_TeamB",189,NA,NA
"788","1902_09_TeamMJ_TeamB",199,NA,NA
"789","1902_09_TeamMJ_TeamB",250,NA,NA
"790","1902_09_TeamMJ_TeamB",258,NA,NA
"791","1902_09_TeamMJ_TeamB",282,NA,4350
"792","1902_09_TeamMJ_TeamB",291,NA,NA
"793","1902_09_TeamMJ_TeamB",293,NA,NA
"794","1902_09_TeamMJ_TeamB",295,NA,NA
"795","1902_09_TeamMJ_TeamB",304,NA,3750
"796","1902_09_TeamMJ_TeamB",312,NA,3800
"797","1902_10_TeamMI_TeamA3",8,5100,8450
"798","1902_10_TeamMI_TeamA3",34,NA,1150
"799","1902_10_TeamMI_TeamA3",84,NA,NA
"800","1902_10_TeamMI_TeamA3",87,NA,NA
"801","1902_10_TeamMI_TeamA3",93,4400,4250
"802","1902_10_TeamMI_TeamA3",107,NA,1200
"803","1902_10_TeamMI_TeamA3",114,4250,4200
"804","1902_10_TeamMI_TeamA3",145,NA,NA
"805","1902_10_TeamMI_TeamA3",162,NA,2250
"806","1902_10_TeamMI_TeamA3",170,NA,2650
"807","1902_10_TeamMI_TeamA3",176,4600,4150
"808","1902_10_TeamMI_TeamA3",196,5800,5950
"809","1902_10_TeamMI_TeamA3",198,NA,NA
"810","1902_10_TeamMI_TeamA3",212,NA,4300
"811","1902_10_TeamMI_TeamA3",229,NA,4100
"812","1902_10_TeamMI_TeamA3",238,NA,6350
"813","1902_10_TeamMI_TeamA3",258,4250,3750
"814","1902_10_TeamMI_TeamA3",268,4300,4150
"815","1902_10_TeamMI_TeamA3",282,NA,3950
"816","1902_11_TeamMI_TeamA3",11,4450,4100
"817","1902_11_TeamMI_TeamA3",16,NA,NA
"818","1902_11_TeamMI_TeamA3",19,NA,NA
"819","1902_11_TeamMI_TeamA3",21,NA,NA
"820","1902_11_TeamMI_TeamA3",24,NA,NA
"821","1902_11_TeamMI_TeamA3",47,NA,3900
"822","1902_11_TeamMI_TeamA3",63,NA,3750
"823","1902_11_TeamMI_TeamA3",67,5000,13500
"824","1902_11_TeamMI_TeamA3",70,NA,3700
"825","1902_11_TeamMI_TeamA3",73,NA,4100
"826","1902_11_TeamMI_TeamA3",86,NA,NA
"827","1902_11_TeamMI_TeamA3",88,NA,NA
"828","1902_11_TeamMI_TeamA3",91,NA,NA
"829","1902_11_TeamMI_TeamA3",93,NA,1200
"830","1902_11_TeamMI_TeamA3",115,NA,4000
"831","1902_11_TeamMI_TeamA3",130,NA,2950
"832","1902_11_TeamMI_TeamA3",133,NA,3500
"833","1902_11_TeamMI_TeamA3",144,NA,4100
"834","1902_11_TeamMI_TeamA3",156,NA,NA
"835","1902_11_TeamMI_TeamA3",175,NA,4150
"836","1902_11_TeamMI_TeamA3",187,NA,3350
"837","1902_11_TeamMI_TeamA3",196,NA,4300
"838","1902_11_TeamMI_TeamA3",212,4400,4150
"839","1902_11_TeamMI_TeamA3",267,NA,4250
"840","1902_11_TeamMI_TeamA3",291,NA,4250
"841","1902_12_TeamMI_TeamA3",12,NA,NA
"842","1902_12_TeamMI_TeamA3",13,4700,4100
"843","1902_12_TeamMI_TeamA3",24,NA,1700
"844","1902_12_TeamMI_TeamA3",47,NA,NA
"845","1902_12_TeamMI_TeamA3",58,NA,NA
"846","1902_12_TeamMI_TeamA3",60,NA,NA
"847","1902_12_TeamMI_TeamA3",70,4200,3400
"848","1902_12_TeamMI_TeamA3",71,4450,4150
"849","1902_12_TeamMI_TeamA3",121,6000,5800
"850","1902_12_TeamMI_TeamA3",138,NA,4050
"851","1902_12_TeamMI_TeamA3",174,4850,3900
"852","1902_12_TeamMI_TeamA3",178,NA,1800
"853","1902_12_TeamMI_TeamA3",196,NA,4150
"854","1902_12_TeamMI_TeamA3",208,NA,4150
"855","1902_12_TeamMI_TeamA3",225,4300,4000
"856","1902_12_TeamMI_TeamA3",240,4500,4050
"857","1902_12_TeamMI_TeamA3",249,NA,4250
"858","1902_12_TeamMI_TeamA3",260,4650,4150
"859","1902_12_TeamMI_TeamA3",264,NA,5500
"860","1902_12_TeamMI_TeamA3",266,NA,4150
"861","1902_13_TeamMD_TeamA2",17,4750,4150
"862","1902_13_TeamMD_TeamA2",18,4400,7750
"863","1902_13_TeamMD_TeamA2",20,NA,4100
"864","1902_13_TeamMD_TeamA2",28,4500,4300
"865","1902_13_TeamMD_TeamA2",38,NA,2450
"866","1902_13_TeamMD_TeamA2",44,4550,4000
"867","1902_13_TeamMD_TeamA2",58,4700,4050
"868","1902_13_TeamMD_TeamA2",79,NA,NA
"869","1902_13_TeamMD_TeamA2",88,NA,4150
"870","1902_13_TeamMD_TeamA2",91,NA,3950
"871","1902_13_TeamMD_TeamA2",108,4600,3800
"872","1902_13_TeamMD_TeamA2",130,NA,NA
"873","1902_13_TeamMD_TeamA2",172,4700,4600
"874","1902_13_TeamMD_TeamA2",203,NA,6000
"875","1902_13_TeamMD_TeamA2",248,4800,4200
"876","1902_13_TeamMD_TeamA2",264,NA,3950
"877","1902_13_TeamMD_TeamA2",292,NA,NA
"878","1902_13_TeamMD_TeamA2",297,NA,NA
"879","1902_13_TeamMD_TeamA2",312,NA,3600
"880","1902_13_TeamMD_TeamA2",318,4350,4200
"881","1902_13_TeamMK_TeamB",4,4300,4400
"882","1902_13_TeamMK_TeamB",6,NA,NA
"883","1902_13_TeamMK_TeamB",43,NA,NA
"884","1902_13_TeamMK_TeamB",52,NA,2300
"885","1902_13_TeamMK_TeamB",55,NA,NA
"886","1902_13_TeamMK_TeamB",64,NA,NA
"887","1902_13_TeamMK_TeamB",83,NA,NA
"888","1902_13_TeamMK_TeamB",92,NA,4000
"889","1902_13_TeamMK_TeamB",105,NA,1950
"890","1902_13_TeamMK_TeamB",108,NA,3650
"891","1902_13_TeamMK_TeamB",112,NA,4100
"892","1902_13_TeamMK_TeamB",120,NA,NA
"893","1902_13_TeamMK_TeamB",130,NA,4050
"894","1902_13_TeamMK_TeamB",157,5400,5700
"895","1902_13_TeamMK_TeamB",166,5500,6600
"896","1902_13_TeamMK_TeamB",182,4450,3850
"897","1902_13_TeamMK_TeamB",209,NA,4450
"898","1902_13_TeamMK_TeamB",237,NA,4150
"899","1902_13_TeamMK_TeamB",240,NA,4000
"900","1902_13_TeamMK_TeamB",247,NA,NA
"901","1902_13_TeamMK_TeamB",249,NA,3550
"902","1902_13_TeamMK_TeamB",254,NA,1800
"903","1902_13_TeamMK_TeamB",260,4450,1550
"904","1902_13_TeamMK_TeamB",282,4250,4150
"905","1902_13_TeamMK_TeamB",288,NA,4150
"906","1902_13_TeamMK_TeamB",318,5500,6100
"907","1902_14_TeamMD_TeamA2",2,NA,3850
"908","1902_14_TeamMD_TeamA2",17,NA,NA
"909","1902_14_TeamMD_TeamA2",21,4500,1450
"910","1902_14_TeamMD_TeamA2",27,5000,4100
"911","1902_14_TeamMD_TeamA2",32,NA,3950
"912","1902_14_TeamMD_TeamA2",53,NA,NA
"913","1902_14_TeamMD_TeamA2",66,NA,4100
"914","1902_14_TeamMD_TeamA2",98,NA,2250
"915","1902_14_TeamMD_TeamA2",100,4700,4500
"916","1902_14_TeamMD_TeamA2",110,NA,3950
"917","1902_14_TeamMD_TeamA2",121,4550,4500
"918","1902_14_TeamMD_TeamA2",130,4400,4500
"919","1902_14_TeamMD_TeamA2",131,NA,NA
"920","1902_14_TeamMD_TeamA2",144,4250,4200
"921","1902_14_TeamMD_TeamA2",173,5100,4100
"922","1902_14_TeamMD_TeamA2",192,NA,3850
"923","1902_14_TeamMD_TeamA2",194,NA,5600
"924","1902_14_TeamMD_TeamA2",199,NA,4050
"925","1902_14_TeamMD_TeamA2",229,NA,4100
"926","1902_14_TeamMD_TeamA2",245,NA,4200
"927","1902_14_TeamMD_TeamA2",247,NA,4200
"928","1902_14_TeamMD_TeamA2",250,NA,5550
"929","1902_14_TeamMD_TeamA2",280,NA,3750
"930","1902_14_TeamMD_TeamA2",284,NA,4100
"931","1902_14_TeamMD_TeamA2",298,NA,NA
"932","1902_14_TeamMD_TeamA2",301,NA,NA
"933","1902_14_TeamMD_TeamA2",302,NA,NA
"934","1902_14_TeamMD_TeamA2",305,NA,NA
"935","1902_14_TeamMD_TeamA2",314,NA,4150
"936","1902_14_TeamMD_TeamA2",327,NA,3950
"937","1902_14_TeamMK_TeamB",9,4700,4050
"938","1902_14_TeamMK_TeamB",12,NA,2450
"939","1902_14_TeamMK_TeamB",26,NA,4100
"940","1902_14_TeamMK_TeamB",36,4550,7350
"941","1902_14_TeamMK_TeamB",50,NA,NA
"942","1902_14_TeamMK_TeamB",53,NA,NA
"943","1902_14_TeamMK_TeamB",55,NA,NA
"944","1902_14_TeamMK_TeamB",59,NA,NA
"945","1902_14_TeamMK_TeamB",75,4450,4150
"946","1902_14_TeamMK_TeamB",89,NA,3650
"947","1902_14_TeamMK_TeamB",93,NA,NA
"948","1902_14_TeamMK_TeamB",98,NA,4100
"949","1902_14_TeamMK_TeamB",101,4650,3300
"950","1902_14_TeamMK_TeamB",104,NA,3950
"951","1902_14_TeamMK_TeamB",113,NA,3850
"952","1902_14_TeamMK_TeamB",118,4500,3900
"953","1902_14_TeamMK_TeamB",131,5500,5900
"954","1902_14_TeamMK_TeamB",133,4850,2400
"955","1902_14_TeamMK_TeamB",150,4350,1600
"956","1902_14_TeamMK_TeamB",160,NA,3950
"957","1902_14_TeamMK_TeamB",187,4400,3050
"958","1902_14_TeamMK_TeamB",192,5600,5950
"959","1902_14_TeamMK_TeamB",197,5600,6750
"960","1902_14_TeamMK_TeamB",204,4900,6450
"961","1902_14_TeamMK_TeamB",206,4250,4300
"962","1902_14_TeamMK_TeamB",233,NA,3950
"963","1902_14_TeamMK_TeamB",237,NA,5750
"964","1902_14_TeamMK_TeamB",264,NA,4300
"965","1902_14_TeamMK_TeamB",275,4250,8500
"966","1902_14_TeamMK_TeamB",277,NA,NA
"967","1902_14_TeamMK_TeamB",284,3950,3400
"968","1902_14_TeamMK_TeamB",298,NA,4000
"969","1902_15_TeamMK_TeamB",24,NA,3650
"970","1902_15_TeamMK_TeamB",34,NA,NA
"971","1902_15_TeamMK_TeamB",40,4550,4200
"972","1902_15_TeamMK_TeamB",47,4350,4400
"973","1902_15_TeamMK_TeamB",52,NA,NA
"974","1902_15_TeamMK_TeamB",53,NA,3850
"975","1902_15_TeamMK_TeamB",67,NA,NA
"976","1902_15_TeamMK_TeamB",86,NA,5850
"977","1902_15_TeamMK_TeamB",91,NA,4100
"978","1902_15_TeamMK_TeamB",93,4550,3950
"979","1902_15_TeamMK_TeamB",99,4200,3850
"980","1902_15_TeamMK_TeamB",127,4550,4100
"981","1902_15_TeamMK_TeamB",132,4750,4200
"982","1902_15_TeamMK_TeamB",183,NA,3800
"983","1902_15_TeamMK_TeamB",191,NA,4000
"984","1902_15_TeamMK_TeamB",209,NA,3850
"985","1902_15_TeamMK_TeamB",215,NA,1700
"986","1902_15_TeamMK_TeamB",257,NA,3950
"987","1902_15_TeamMK_TeamB",261,4400,4000
"988","1902_16_TeamMD_TeamA2",3,NA,1850
"989","1902_16_TeamMD_TeamA2",24,NA,3700
"990","1902_16_TeamMD_TeamA2",35,NA,4150
"991","1902_16_TeamMD_TeamA2",37,NA,1500
"992","1902_16_TeamMD_TeamA2",72,NA,NA
"993","1902_16_TeamMD_TeamA2",74,NA,NA
"994","1902_16_TeamMD_TeamA2",77,NA,4150
"995","1902_16_TeamMD_TeamA2",80,NA,1550
"996","1902_16_TeamMD_TeamA2",83,NA,4000
"997","1902_16_TeamMD_TeamA2",84,NA,4250
"998","1902_16_TeamMD_TeamA2",90,NA,4200
"999","1902_16_TeamMD_TeamA2",96,NA,NA
"1000","1902_16_TeamMD_TeamA2",112,4550,4250
"1001","1902_16_TeamMD_TeamA2",116,NA,1300
"1002","1902_16_TeamMD_TeamA2",127,NA,3750
"1003","1902_16_TeamMD_TeamA2",131,NA,3700
"1004","1902_16_TeamMD_TeamA2",144,NA,NA
"1005","1902_16_TeamMD_TeamA2",146,NA,4100
"1006","1902_16_TeamMD_TeamA2",149,4350,4100
"1007","1902_16_TeamMD_TeamA2",157,NA,NA
"1008","1902_16_TeamMD_TeamA2",173,NA,1550
"1009","1902_16_TeamMD_TeamA2",179,4300,4050
"1010","1902_16_TeamMD_TeamA2",187,NA,1650
"1011","1902_16_TeamMD_TeamA2",189,NA,4150
"1012","1902_16_TeamMD_TeamA2",205,NA,4050
"1013","1902_16_TeamMD_TeamA2",215,NA,NA
"1014","1902_16_TeamMD_TeamA2",237,4700,4450
"1015","1902_16_TeamMD_TeamA2",244,4600,4000
"1016","1902_16_TeamMD_TeamA2",265,NA,4400
"1017","1902_17_TeamMB_TeamA1",2,4400,3950
"1018","1902_17_TeamMB_TeamA1",9,4850,3850
"1019","1902_17_TeamMB_TeamA1",38,4500,3950
"1020","1902_17_TeamMB_TeamA1",42,NA,NA
"1021","1902_17_TeamMB_TeamA1",54,NA,3950
"1022","1902_17_TeamMB_TeamA1",56,NA,3850
"1023","1902_17_TeamMB_TeamA1",57,NA,4150
"1024","1902_17_TeamMB_TeamA1",59,4150,3800
"1025","1902_17_TeamMB_TeamA1",68,NA,NA
"1026","1902_17_TeamMB_TeamA1",70,NA,2200
"1027","1902_17_TeamMB_TeamA1",80,4100,4100
"1028","1902_17_TeamMB_TeamA1",81,5000,1750
"1029","1902_17_TeamMB_TeamA1",82,NA,1250
"1030","1902_17_TeamMB_TeamA1",83,NA,1900
"1031","1902_17_TeamMB_TeamA1",85,NA,1000
"1032","1902_17_TeamMB_TeamA1",89,NA,3400
"1033","1902_17_TeamMB_TeamA1",99,4250,3700
"1034","1902_17_TeamMB_TeamA1",102,NA,3650
"1035","1902_17_TeamMB_TeamA1",103,NA,3950
"1036","1902_17_TeamMB_TeamA1",115,NA,1300
"1037","1902_17_TeamMB_TeamA1",117,4900,5600
"1038","1902_17_TeamMB_TeamA1",123,NA,4000
"1039","1902_17_TeamMB_TeamA1",126,NA,1850
"1040","1902_17_TeamMB_TeamA1",129,4400,3800
"1041","1902_17_TeamMB_TeamA1",139,4450,2300
"1042","1902_17_TeamMB_TeamA1",151,NA,2250
"1043","1902_17_TeamMB_TeamA1",155,4450,2550
"1044","1902_17_TeamMB_TeamA1",159,NA,NA
"1045","1902_17_TeamMB_TeamA1",174,NA,NA
"1046","1902_17_TeamMB_TeamA1",177,NA,NA
"1047","1902_17_TeamMB_TeamA1",179,NA,NA
"1048","1902_17_TeamMB_TeamA1",182,NA,NA
"1049","1902_17_TeamMB_TeamA1",192,NA,NA
"1050","1902_17_TeamMB_TeamA1",193,NA,3850
"1051","1902_17_TeamMB_TeamA1",200,NA,NA
"1052","1902_17_TeamMB_TeamA1",202,NA,4000
"1053","1902_17_TeamMB_TeamA1",208,NA,NA
"1054","1902_17_TeamMB_TeamA1",209,NA,NA
"1055","1902_17_TeamMB_TeamA1",212,NA,NA
"1056","1902_17_TeamMB_TeamA1",215,NA,NA
"1057","1902_17_TeamMB_TeamA1",246,4450,3800
"1058","1902_18_TeamMB_TeamA1",28,4200,4250
"1059","1902_18_TeamMB_TeamA1",31,4700,8050
"1060","1902_18_TeamMB_TeamA1",34,NA,NA
"1061","1902_18_TeamMB_TeamA1",48,4700,3850
"1062","1902_18_TeamMB_TeamA1",60,NA,NA
"1063","1902_18_TeamMB_TeamA1",71,4500,2850
"1064","1902_18_TeamMB_TeamA1",75,NA,4100
"1065","1902_18_TeamMB_TeamA1",86,4350,4050
"1066","1902_18_TeamMB_TeamA1",90,4850,4950
"1067","1902_18_TeamMB_TeamA1",92,4500,4250
"1068","1902_18_TeamMB_TeamA1",96,4450,4100
"1069","1902_18_TeamMB_TeamA1",112,4700,3650
"1070","1902_18_TeamMB_TeamA1",129,NA,NA
"1071","1902_18_TeamMB_TeamA1",144,NA,NA
"1072","1902_18_TeamMB_TeamA1",145,4600,4100
"1073","1902_18_TeamMB_TeamA1",146,NA,3800
"1074","1902_18_TeamMB_TeamA1",158,4700,3900
"1075","1902_18_TeamMB_TeamA1",190,4800,3950
"1076","1902_18_TeamMB_TeamA1",193,3950,3700
"1077","1902_18_TeamMB_TeamA1",196,NA,1300
"1078","1902_18_TeamMB_TeamA1",241,4450,4250
"1079","1902_19_TeamME_TeamA2",23,4500,4250
"1080","1902_19_TeamME_TeamA2",24,4450,3950
"1081","1902_19_TeamME_TeamA2",33,NA,NA
"1082","1902_19_TeamME_TeamA2",46,5200,10800
"1083","1902_19_TeamME_TeamA2",62,4350,4000
"1084","1902_19_TeamME_TeamA2",143,NA,2650
"1085","1902_19_TeamME_TeamA2",154,4350,3900
"1086","1902_19_TeamME_TeamA2",161,4700,4350
"1087","1902_19_TeamME_TeamA2",179,4350,1400
"1088","1902_19_TeamME_TeamA2",182,4500,3950
"1089","1902_19_TeamME_TeamA2",213,5050,4000
"1090","1902_19_TeamME_TeamA2",235,4800,3850
"1091","1902_19_TeamME_TeamA2",243,4400,4650
"1092","1902_19_TeamME_TeamA2",261,4650,4050
"1093","1902_19_TeamME_TeamA2",280,4600,3900
"1094","1902_20_TeamME_TeamA2",8,4300,3950
"1095","1902_20_TeamME_TeamA2",34,5250,4000
"1096","1902_20_TeamME_TeamA2",49,5000,1200
"1097","1902_20_TeamME_TeamA2",53,4600,4000
"1098","1902_20_TeamME_TeamA2",61,NA,2850
"1099","1902_20_TeamME_TeamA2",95,4550,4050
"1100","1902_20_TeamME_TeamA2",97,5050,4300
"1101","1902_20_TeamME_TeamA2",105,4600,4650
"1102","1902_20_TeamME_TeamA2",113,5250,6900
"1103","1902_20_TeamME_TeamA2",124,4050,3900
"1104","1902_20_TeamME_TeamA2",129,5300,3750
"1105","1902_20_TeamME_TeamA2",141,4500,3700
"1106","1902_20_TeamME_TeamA2",171,4450,3900
"1107","1902_20_TeamME_TeamA2",193,4800,4250
"1108","1902_20_TeamME_TeamA2",198,4550,4200
"1109","1902_20_TeamME_TeamA2",229,NA,2100
"1110","1902_20_TeamME_TeamA2",232,4550,4200
"1111","1902_20_TeamME_TeamA2",241,4650,3650
"1112","1902_20_TeamME_TeamA2",273,NA,NA
"1113","1902_20_TeamME_TeamA2",274,NA,NA
"1114","1902_20_TeamME_TeamA2",275,NA,NA
"1115","1902_20_TeamME_TeamA2",293,NA,NA
"1116","1902_20_TeamME_TeamA2",298,4750,2550
"1117","1902_21_TeamME_TeamA2",4,4300,4400
"1118","1902_21_TeamME_TeamA2",7,NA,NA
"1119","1902_21_TeamME_TeamA2",9,NA,NA
"1120","1902_21_TeamME_TeamA2",10,4400,6600
"1121","1902_21_TeamME_TeamA2",11,NA,NA
"1122","1902_21_TeamME_TeamA2",15,NA,NA
"1123","1902_21_TeamME_TeamA2",18,NA,1150
"1124","1902_21_TeamME_TeamA2",21,NA,3600
"1125","1902_21_TeamME_TeamA2",25,NA,NA
"1126","1902_21_TeamME_TeamA2",33,NA,4150
"1127","1902_21_TeamME_TeamA2",41,4700,4300
"1128","1902_21_TeamME_TeamA2",43,NA,1700
"1129","1902_21_TeamME_TeamA2",48,NA,1300
"1130","1902_21_TeamME_TeamA2",57,NA,NA
"1131","1902_21_TeamME_TeamA2",60,NA,NA
"1132","1902_21_TeamME_TeamA2",62,NA,NA
"1133","1902_21_TeamME_TeamA2",63,NA,3500
"1134","1902_21_TeamME_TeamA2",76,NA,3650
"1135","1902_21_TeamME_TeamA2",77,5150,1000
"1136","1902_21_TeamME_TeamA2",79,NA,NA
"1137","1902_21_TeamME_TeamA2",86,NA,3850
"1138","1902_21_TeamME_TeamA2",99,NA,4050
"1139","1902_21_TeamME_TeamA2",109,NA,850
"1140","1902_21_TeamME_TeamA2",111,NA,3750
"1141","1902_21_TeamME_TeamA2",126,NA,3600
"1142","1902_21_TeamME_TeamA2",141,4050,3850
"1143","1902_21_TeamME_TeamA2",143,NA,4200
"1144","1902_21_TeamME_TeamA2",154,NA,4050
"1145","1902_21_TeamME_TeamA2",164,NA,1400
"1146","1902_21_TeamME_TeamA2",166,NA,1950
"1147","1902_21_TeamME_TeamA2",174,NA,3900
"1148","1902_21_TeamME_TeamA2",181,5100,3450
"1149","1902_21_TeamME_TeamA2",187,NA,4050
"1150","1902_21_TeamME_TeamA2",189,NA,3900
"1151","1902_21_TeamME_TeamA2",207,4700,4200
"1152","1902_21_TeamME_TeamA2",209,4550,2400
"1153","1902_22_TeamMA_TeamA1",2,4600,3900
"1154","1902_22_TeamMA_TeamA1",3,NA,NA
"1155","1902_22_TeamMA_TeamA1",15,NA,3900
"1156","1902_22_TeamMA_TeamA1",30,NA,NA
"1157","1902_22_TeamMA_TeamA1",57,NA,3900
"1158","1902_22_TeamMA_TeamA1",72,5200,8350
"1159","1902_22_TeamMA_TeamA1",75,4150,4100
"1160","1902_22_TeamMA_TeamA1",84,4650,3900
"1161","1902_22_TeamMA_TeamA1",101,NA,3650
"1162","1902_22_TeamMA_TeamA1",104,NA,3850
"1163","1902_22_TeamMA_TeamA1",114,NA,NA
"1164","1902_22_TeamMA_TeamA1",115,NA,NA
"1165","1902_22_TeamMA_TeamA1",151,NA,950
"1166","1902_22_TeamMA_TeamA1",155,NA,3850
"1167","1902_22_TeamMA_TeamA1",157,NA,4050
"1168","1902_22_TeamMA_TeamA1",161,NA,4000
"1169","1902_22_TeamMA_TeamA1",164,NA,4050
"1170","1902_22_TeamMA_TeamA1",182,4100,4100
"1171","1902_22_TeamMA_TeamA1",185,4650,3900
"1172","1902_22_TeamMA_TeamA1",193,4300,3750
"1173","1902_22_TeamMA_TeamA1",195,4200,3850
"1174","1902_22_TeamMA_TeamA1",213,NA,5950
"1175","1902_22_TeamMA_TeamA1",217,5500,6650
"1176","1902_22_TeamMA_TeamA1",226,3950,2250
"1177","1902_22_TeamMA_TeamA1",230,4400,3500
"1178","1902_22_TeamMA_TeamA1",249,NA,3750
"1179","1902_23_TeamMA_TeamA1",3,4450,4050
"1180","1902_23_TeamMA_TeamA1",6,NA,4000
"1181","1902_23_TeamMA_TeamA1",31,NA,3850
"1182","1902_23_TeamMA_TeamA1",39,4550,4500
"1183","1902_23_TeamMA_TeamA1",71,5400,4650
"1184","1902_23_TeamMA_TeamA1",77,NA,NA
"1185","1902_23_TeamMA_TeamA1",97,NA,NA
"1186","1902_23_TeamMA_TeamA1",130,4550,4250
"1187","1902_23_TeamMA_TeamA1",134,NA,NA
"1188","1902_23_TeamMA_TeamA1",135,NA,NA
"1189","1902_23_TeamMA_TeamA1",138,4700,4450
"1190","1902_23_TeamMA_TeamA1",143,4300,1300
"1191","1902_23_TeamMA_TeamA1",152,4900,4000
"1192","1902_23_TeamMA_TeamA1",180,4450,3850
"1193","1902_23_TeamMA_TeamA1",221,4350,4000
"1194","1902_23_TeamMA_TeamA1",222,4400,4100
"1195","1902_23_TeamMA_TeamA1",236,NA,NA
"1196","1902_23_TeamMA_TeamA1",252,4750,4000
"1197","1902_23_TeamMA_TeamA1",255,4350,4150
"1198","1902_23_TeamMA_TeamA1",273,4600,4000
"1199","1902_24_TeamMA_TeamA1",5,4092,3927
"1200","1902_24_TeamMA_TeamA1",10,NA,4389
"1201","1902_24_TeamMA_TeamA1",14,NA,3960
"1202","1902_24_TeamMA_TeamA1",19,NA,990
"1203","1902_24_TeamMA_TeamA1",27,NA,4059
"1204","1902_24_TeamMA_TeamA1",32,NA,NA
"1205","1902_24_TeamMA_TeamA1",33,NA,NA
"1206","1902_24_TeamMA_TeamA1",36,NA,2343
"1207","1902_24_TeamMA_TeamA1",37,6105,5907
"1208","1902_24_TeamMA_TeamA1",43,NA,NA
"1209","1902_24_TeamMA_TeamA1",58,4521,4125
"1210","1902_24_TeamMA_TeamA1",65,NA,3861
"1211","1902_24_TeamMA_TeamA1",74,NA,3630
"1212","1902_24_TeamMA_TeamA1",76,NA,3894
"1213","1902_24_TeamMA_TeamA1",85,5016,4356
"1214","1902_24_TeamMA_TeamA1",89,NA,1815
"1215","1902_24_TeamMA_TeamA1",93,NA,3663
"1216","1902_24_TeamMA_TeamA1",99,NA,NA
"1217","1902_24_TeamMA_TeamA1",101,NA,NA
"1218","1902_24_TeamMA_TeamA1",118,4422,4389
"1219","1902_24_TeamMA_TeamA1",140,NA,1155
"1220","1902_24_TeamMA_TeamA1",141,NA,4191
"1221","1902_24_TeamMA_TeamA1",193,NA,NA
"1222","1902_24_TeamMA_TeamA1",196,NA,NA
"1223","1902_24_TeamMA_TeamA1",197,NA,NA
"1224","1902_24_TeamMA_TeamA1",204,NA,1848
"1225","1902_24_TeamMA_TeamA1",222,NA,NA
"1226","1902_24_TeamMA_TeamA1",224,NA,NA
"1227","1902_24_TeamMA_TeamA1",227,NA,4356
"1228","1902_24_TeamMA_TeamA1",234,4026,4059
"1229","1902_24_TeamMA_TeamA1",240,NA,4092
"1230","1902_24_TeamMA_TeamA1",278,NA,3795
"1231","1902_24_TeamMA_TeamA1",283,NA,4059
"1232","1902_24_TeamMA_TeamA1",284,4686,4521
"1233","1902_24_TeamMA_TeamA1",302,NA,3532
"1234","1902_24_TeamMA_TeamA1",322,4290,3960
"1235","1902_24_TeamMA_TeamA1",327,4455,4290
"1236","1902_24_TeamMA_TeamA1",356,NA,3927
"1237","1902_24_TeamMA_TeamA1",369,4521,1188
"1238","1902_24_TeamMA_TeamA1",374,NA,NA
"1239","1902_24_TeamMA_TeamA1",379,NA,NA
"1240","1902_24_TeamMA_TeamA1",380,NA,NA
"1241","1902_24_TeamMA_TeamA1",383,4752,7293
"1242","1902_25_TeamMH_TeamA3",11,NA,5100
"1243","1902_25_TeamMH_TeamA3",43,6250,9550
"1244","1902_25_TeamMH_TeamA3",49,5900,12100
"1245","1902_25_TeamMH_TeamA3",79,3900,3500
"1246","1902_25_TeamMH_TeamA3",87,NA,4000
"1247","1902_25_TeamMH_TeamA3",97,NA,NA
"1248","1902_25_TeamMH_TeamA3",98,6350,6950
"1249","1902_25_TeamMH_TeamA3",122,4300,4100
"1250","1902_25_TeamMH_TeamA3",126,NA,4300
"1251","1902_25_TeamMH_TeamA3",139,NA,NA
"1252","1902_25_TeamMH_TeamA3",149,4600,4350
"1253","1902_25_TeamMH_TeamA3",151,NA,3850
"1254","1902_25_TeamMH_TeamA3",157,NA,4250
"1255","1902_25_TeamMH_TeamA3",166,NA,1150
"1256","1902_25_TeamMH_TeamA3",169,NA,4000
"1257","1902_25_TeamMH_TeamA3",180,3950,2950
"1258","1902_25_TeamMH_TeamA3",198,4750,11700
"1259","1902_25_TeamMH_TeamA3",208,NA,NA
"1260","1902_25_TeamMH_TeamA3",248,NA,3600
"1261","1902_25_TeamMH_TeamA3",274,NA,NA
"1262","1902_25_TeamMH_TeamA3",322,4500,4750
"1263","1902_25_TeamMH_TeamA3",325,4750,4650
"1264","1902_26_TeamMC_TeamA1",8,NA,3600
"1265","1902_26_TeamMC_TeamA1",20,4300,1850
"1266","1902_26_TeamMC_TeamA1",22,NA,1450
"1267","1902_26_TeamMC_TeamA1",27,NA,NA
"1268","1902_26_TeamMC_TeamA1",34,NA,1900
"1269","1902_26_TeamMC_TeamA1",41,NA,NA
"1270","1902_26_TeamMC_TeamA1",48,NA,3950
"1271","1902_26_TeamMC_TeamA1",56,NA,4100
"1272","1902_26_TeamMC_TeamA1",71,NA,1800
"1273","1902_26_TeamMC_TeamA1",77,4550,4550
"1274","1902_26_TeamMC_TeamA1",80,NA,NA
"1275","1902_26_TeamMC_TeamA1",101,NA,NA
"1276","1902_26_TeamMC_TeamA1",109,4400,4300
"1277","1902_26_TeamMC_TeamA1",114,NA,NA
"1278","1902_26_TeamMC_TeamA1",115,NA,3850
"1279","1902_26_TeamMC_TeamA1",120,NA,4200
"1280","1902_26_TeamMC_TeamA1",188,NA,3750
"1281","1902_26_TeamMC_TeamA1",199,NA,4000
"1282","1902_26_TeamMC_TeamA1",204,NA,3950
"1283","1902_26_TeamMC_TeamA1",210,NA,NA
"1284","1902_26_TeamMC_TeamA1",220,NA,5800
"1285","1902_26_TeamMC_TeamA1",230,4400,4150
"1286","1902_26_TeamMC_TeamA1",254,NA,4000
"1287","1902_26_TeamMH_TeamA3",4,NA,3750
"1288","1902_26_TeamMH_TeamA3",11,NA,NA
"1289","1902_26_TeamMH_TeamA3",52,NA,NA
"1290","1902_26_TeamMH_TeamA3",54,NA,NA
"1291","1902_26_TeamMH_TeamA3",55,NA,NA
"1292","1902_26_TeamMH_TeamA3",56,NA,3700
"1293","1902_26_TeamMH_TeamA3",59,4500,1150
"1294","1902_26_TeamMH_TeamA3",99,NA,4600
"1295","1902_26_TeamMH_TeamA3",110,NA,NA
"1296","1902_26_TeamMH_TeamA3",111,NA,4200
"1297","1902_26_TeamMH_TeamA3",115,NA,NA
"1298","1902_26_TeamMH_TeamA3",130,4400,4300
"1299","1902_26_TeamMH_TeamA3",133,NA,NA
"1300","1902_26_TeamMH_TeamA3",139,5550,10700
"1301","1902_26_TeamMH_TeamA3",150,NA,4200
"1302","1902_26_TeamMH_TeamA3",156,NA,4250
"1303","1902_26_TeamMH_TeamA3",166,NA,4300
"1304","1902_26_TeamMH_TeamA3",171,NA,1050
"1305","1902_26_TeamMH_TeamA3",189,5450,11750
"1306","1902_26_TeamMH_TeamA3",202,NA,4200
"1307","1902_26_TeamMH_TeamA3",212,NA,NA
"1308","1902_26_TeamMH_TeamA3",216,NA,NA
"1309","1902_26_TeamMH_TeamA3",219,NA,4400
"1310","1902_26_TeamMH_TeamA3",254,4300,4200
"1311","1902_26_TeamMH_TeamA3",260,4400,4100
"1312","1902_26_TeamMH_TeamA3",279,NA,NA
"1313","1902_26_TeamMH_TeamA3",280,NA,NA
"1314","1902_26_TeamMH_TeamA3",281,NA,NA
"1315","1902_26_TeamMH_TeamA3",291,NA,3850
"1316","1902_26_TeamMH_TeamA3",297,NA,3850
"1317","1902_26_TeamMH_TeamA3",303,NA,NA
"1318","1902_26_TeamMH_TeamA3",304,NA,NA
"1319","1902_26_TeamMH_TeamA3",305,NA,NA
"1320","1902_26_TeamMH_TeamA3",306,4650,3550
"1321","1902_26_TeamMH_TeamA3",324,4750,7900
"1322","1902_26_TeamMH_TeamA3",336,NA,4250
"1323","1902_27_TeamMH_TeamA3",2,NA,3650
"1324","1902_27_TeamMH_TeamA3",42,NA,750
"1325","1902_27_TeamMH_TeamA3",57,NA,3950
"1326","1902_27_TeamMH_TeamA3",84,NA,NA
"1327","1902_27_TeamMH_TeamA3",104,4650,4600
"1328","1902_27_TeamMH_TeamA3",106,NA,NA
"1329","1902_27_TeamMH_TeamA3",124,4200,1850
"1330","1902_27_TeamMH_TeamA3",137,NA,NA
"1331","1902_27_TeamMH_TeamA3",151,4500,4200
"1332","1902_27_TeamMH_TeamA3",191,NA,4200
"1333","1902_27_TeamMH_TeamA3",237,4800,3300
"1334","1902_27_TeamMH_TeamA3",247,NA,NA
"1335","1902_27_TeamMH_TeamA3",248,NA,NA
"1336","1902_27_TeamMH_TeamA3",265,4650,4600
"1337","1902_27_TeamMH_TeamA3",272,NA,1650
"1338","1902_27_TeamMH_TeamA3",282,NA,3950
"1339","1902_27_TeamMH_TeamA3",289,NA,NA
"1340","1902_27_TeamMH_TeamA3",292,4300,3900
"1341","1902_27_TeamMH_TeamA3",297,5750,6100
"1342","1902_27_TeamMH_TeamA3",298,NA,NA
"1343","1902_27_TeamMH_TeamA3",302,4800,4200
"1344","1902_27_TeamMH_TeamA3",315,4550,4400
"1345","1902_28_TeamMC_TeamA1",16,NA,4000
"1346","1902_28_TeamMC_TeamA1",28,4500,4250
"1347","1902_28_TeamMC_TeamA1",44,NA,4200
"1348","1902_28_TeamMC_TeamA1",57,NA,4300
"1349","1902_28_TeamMC_TeamA1",71,NA,4450
"1350","1902_28_TeamMC_TeamA1",79,NA,NA
"1351","1902_28_TeamMC_TeamA1",102,NA,NA
"1352","1902_28_TeamMC_TeamA1",104,NA,NA
"1353","1902_28_TeamMC_TeamA1",105,NA,NA
"1354","1902_28_TeamMC_TeamA1",108,NA,NA
"1355","1902_28_TeamMC_TeamA1",113,NA,1350
"1356","1902_28_TeamMC_TeamA1",130,NA,NA
"1357","1902_28_TeamMC_TeamA1",133,NA,NA
"1358","1902_28_TeamMC_TeamA1",149,4150,4000
"1359","1902_28_TeamMC_TeamA1",167,4500,4400
"1360","1902_28_TeamMC_TeamA1",179,4500,3900
"1361","1902_28_TeamMC_TeamA1",182,NA,NA
"1362","1902_28_TeamMC_TeamA1",185,NA,NA
"1363","1902_28_TeamMC_TeamA1",186,NA,NA
"1364","1902_28_TeamMC_TeamA1",188,NA,NA
"1365","1902_28_TeamMC_TeamA1",192,NA,3900
"1366","1902_28_TeamMC_TeamA1",197,NA,NA
"1367","1902_28_TeamMC_TeamA1",206,NA,NA
"1368","1902_28_TeamMC_TeamA1",208,NA,NA
"1369","1902_28_TeamMC_TeamA1",211,NA,NA
"1370","1902_28_TeamMC_TeamA1",215,NA,NA
"1371","1902_28_TeamMC_TeamA1",216,NA,NA
"1372","1902_29_TeamMF_TeamA2",5,4900,4200
"1373","1902_29_TeamMF_TeamA2",15,NA,3800
"1374","1902_29_TeamMF_TeamA2",20,NA,3850
"1375","1902_29_TeamMF_TeamA2",24,4950,3900
"1376","1902_29_TeamMF_TeamA2",30,NA,3700
"1377","1902_29_TeamMF_TeamA2",47,NA,3950
"1378","1902_29_TeamMF_TeamA2",58,NA,1800
"1379","1902_29_TeamMF_TeamA2",61,NA,NA
"1380","1902_29_TeamMF_TeamA2",65,NA,NA
"1381","1902_29_TeamMF_TeamA2",66,NA,NA
"1382","1902_29_TeamMF_TeamA2",72,NA,1000
"1383","1902_29_TeamMF_TeamA2",78,NA,NA
"1384","1902_29_TeamMF_TeamA2",92,NA,3950
"1385","1902_29_TeamMF_TeamA2",95,4300,4250
"1386","1902_29_TeamMF_TeamA2",97,NA,4300
"1387","1902_29_TeamMF_TeamA2",108,4700,4300
"1388","1902_29_TeamMF_TeamA2",114,NA,NA
"1389","1902_29_TeamMF_TeamA2",115,NA,NA
"1390","1902_29_TeamMF_TeamA2",119,NA,NA
"1391","1902_29_TeamMF_TeamA2",124,NA,NA
"1392","1902_29_TeamMF_TeamA2",132,NA,4150
"1393","1902_29_TeamMF_TeamA2",136,NA,4400
"1394","1902_29_TeamMF_TeamA2",155,NA,NA
"1395","1902_29_TeamMF_TeamA2",159,NA,4200
"1396","1902_29_TeamMF_TeamA2",160,NA,4000
"1397","1902_29_TeamMF_TeamA2",190,NA,NA
"1398","1902_29_TeamMF_TeamA2",192,NA,NA
"1399","1902_29_TeamMF_TeamA2",222,NA,4500
"1400","1902_30_TeamMF_TeamA2",20,NA,3950
"1401","1902_30_TeamMF_TeamA2",29,4350,4350
"1402","1902_30_TeamMF_TeamA2",37,NA,3850
"1403","1902_30_TeamMF_TeamA2",47,NA,NA
"1404","1902_30_TeamMF_TeamA2",60,NA,NA
"1405","1902_30_TeamMF_TeamA2",63,NA,NA
"1406","1902_30_TeamMF_TeamA2",65,NA,NA
"1407","1902_30_TeamMF_TeamA2",80,NA,NA
"1408","1902_30_TeamMF_TeamA2",81,NA,NA
"1409","1902_30_TeamMF_TeamA2",107,4150,4100
"1410","1902_30_TeamMF_TeamA2",112,NA,NA
"1411","1902_30_TeamMF_TeamA2",130,NA,1650
"1412","1902_30_TeamMF_TeamA2",133,4200,2350
"1413","1902_30_TeamMF_TeamA2",149,NA,NA
"1414","1902_30_TeamMF_TeamA2",150,4350,4150
"1415","1902_30_TeamMF_TeamA2",151,NA,NA
"1416","1902_30_TeamMF_TeamA2",155,NA,4050
"1417","1902_30_TeamMF_TeamA2",164,4750,8300
"1418","1902_30_TeamMF_TeamA2",178,NA,3800
"1419","1902_30_TeamMF_TeamA2",184,5450,7850
"1420","1902_30_TeamMF_TeamA2",186,NA,4300
"1421","1902_30_TeamMF_TeamA2",194,NA,3850
"1422","1902_30_TeamMF_TeamA2",216,NA,2300
"1423","1902_30_TeamMF_TeamA2",222,NA,5150
"1424","1902_30_TeamMF_TeamA2",227,NA,4150
"1425","1902_30_TeamMF_TeamA2",237,NA,1150
"1426","1902_30_TeamMF_TeamA2",248,NA,3950
"1427","1902_30_TeamMF_TeamA2",265,NA,4050
"1428","1902_30_TeamMF_TeamA2",273,NA,3650
"1429","1902_30_TeamMF_TeamA2",282,NA,NA
"1430","1902_30_TeamMF_TeamA2",284,NA,NA
"1431","1902_30_TeamMF_TeamA2",292,NA,3150
"1432","1902_30_TeamMF_TeamA2",320,NA,3500
"1433","1902_31_TeamMF_TeamA2",19,4400,3750
"1434","1902_31_TeamMF_TeamA2",35,4900,4200
"1435","1902_31_TeamMF_TeamA2",66,4550,4150
"1436","1902_31_TeamMF_TeamA2",71,4900,3850
"1437","1902_31_TeamMF_TeamA2",75,NA,NA
"1438","1902_31_TeamMF_TeamA2",109,4750,4550
"1439","1902_31_TeamMF_TeamA2",188,4650,4150
"1440","1902_31_TeamMF_TeamA2",198,4050,3700
"1441","1902_31_TeamMF_TeamA2",203,5050,3900
"1442","1902_31_TeamMF_TeamA2",245,5100,4250
"1443","1902_31_TeamMF_TeamA2",287,4700,4550
"1444","1902_31_TeamMF_TeamA2",292,5100,6600
"1445","1902_31_TeamMF_TeamA2",297,NA,4250
"1446","1903_01_TeamNE_TeamA2",8,NA,NA
"1447","1903_01_TeamNE_TeamA2",10,7359,4026
"1448","1903_01_TeamNE_TeamA2",18,7557,3894
"1449","1903_01_TeamNE_TeamA2",31,NA,NA
"1450","1903_01_TeamNE_TeamA2",35,NA,NA
"1451","1903_01_TeamNE_TeamA2",38,7557,3828
"1452","1903_01_TeamNE_TeamA2",48,8085,5907
"1453","1903_01_TeamNE_TeamA2",58,7821,4191
"1454","1903_01_TeamNE_TeamA2",87,8217,7689
"1455","1903_01_TeamNE_TeamA2",105,NA,NA
"1456","1903_01_TeamNE_TeamA2",110,NA,NA
"1457","1903_01_TeamNE_TeamA2",111,NA,NA
"1458","1903_01_TeamNE_TeamA2",117,7425,3927
"1459","1903_01_TeamNE_TeamA2",119,8151,4356
"1460","1903_01_TeamNE_TeamA2",124,7590,3960
"1461","1903_01_TeamNE_TeamA2",136,NA,NA
"1462","1903_01_TeamNE_TeamA2",149,7557,4554
"1463","1903_01_TeamNE_TeamA2",175,NA,NA
"1464","1903_01_TeamNE_TeamA2",184,8019,3861
"1465","1903_01_TeamNE_TeamA2",185,7623,3927
"1466","1903_01_TeamNE_TeamA2",223,7326,4059
"1467","1903_01_TeamNE_TeamA2",230,7392,4752
"1468","1903_01_TeamNE_TeamA2",234,NA,NA
"1469","1903_01_TeamNE_TeamA2",260,7326,3861
"1470","1903_01_TeamNE_TeamA2",296,NA,NA
"1471","1903_01_TeamNE_TeamA2",326,7623,3597
"1472","1903_02_TeamNE_TeamA2",5,NA,NA
"1473","1903_02_TeamNE_TeamA2",7,NA,NA
"1474","1903_02_TeamNE_TeamA2",17,NA,900
"1475","1903_02_TeamNE_TeamA2",23,NA,3850
"1476","1903_02_TeamNE_TeamA2",31,NA,NA
"1477","1903_02_TeamNE_TeamA2",36,NA,NA
"1478","1903_02_TeamNE_TeamA2",38,NA,NA
"1479","1903_02_TeamNE_TeamA2",39,NA,4450
"1480","1903_02_TeamNE_TeamA2",42,NA,4150
"1481","1903_02_TeamNE_TeamA2",45,NA,NA
"1482","1903_02_TeamNE_TeamA2",46,NA,3950
"1483","1903_02_TeamNE_TeamA2",49,NA,3850
"1484","1903_02_TeamNE_TeamA2",55,NA,3900
"1485","1903_02_TeamNE_TeamA2",62,NA,3900
"1486","1903_02_TeamNE_TeamA2",64,NA,2050
"1487","1903_02_TeamNE_TeamA2",72,NA,4150
"1488","1903_02_TeamNE_TeamA2",96,NA,3850
"1489","1903_02_TeamNE_TeamA2",123,NA,NA
"1490","1903_02_TeamNE_TeamA2",126,NA,NA
"1491","1903_02_TeamNE_TeamA2",138,NA,3950
"1492","1903_02_TeamNE_TeamA2",141,NA,4250
"1493","1903_02_TeamNE_TeamA2",147,NA,3800
"1494","1903_02_TeamNE_TeamA2",151,NA,4050
"1495","1903_02_TeamNE_TeamA2",152,NA,4100
"1496","1903_02_TeamNE_TeamA2",168,NA,4150
"1497","1903_02_TeamNE_TeamA2",171,NA,4000
"1498","1903_02_TeamNE_TeamA2",194,NA,4000
"1499","1903_02_TeamNE_TeamA2",202,NA,NA
"1500","1903_03_TeamNE_TeamA2",3,NA,1000
"1501","1903_03_TeamNE_TeamA2",23,NA,1100
"1502","1903_03_TeamNE_TeamA2",33,NA,2350
"1503","1903_03_TeamNE_TeamA2",36,NA,4100
"1504","1903_03_TeamNE_TeamA2",52,NA,3850
"1505","1903_03_TeamNE_TeamA2",55,NA,3700
"1506","1903_03_TeamNE_TeamA2",62,4550,4450
"1507","1903_03_TeamNE_TeamA2",75,NA,3850
"1508","1903_03_TeamNE_TeamA2",90,NA,3800
"1509","1903_03_TeamNE_TeamA2",91,NA,1200
"1510","1903_03_TeamNE_TeamA2",96,4700,4500
"1511","1903_03_TeamNE_TeamA2",104,NA,3900
"1512","1903_03_TeamNE_TeamA2",118,NA,NA
"1513","1903_03_TeamNE_TeamA2",120,NA,NA
"1514","1903_03_TeamNE_TeamA2",121,NA,NA
"1515","1903_03_TeamNE_TeamA2",123,NA,NA
"1516","1903_03_TeamNE_TeamA2",125,NA,NA
"1517","1903_03_TeamNE_TeamA2",128,NA,4200
"1518","1903_03_TeamNE_TeamA2",143,NA,NA
"1519","1903_03_TeamNE_TeamA2",147,NA,NA
"1520","1903_03_TeamNE_TeamA2",148,NA,3700
"1521","1903_03_TeamNE_TeamA2",149,NA,1550
"1522","1903_03_TeamNE_TeamA2",166,NA,4100
"1523","1903_03_TeamNE_TeamA2",173,NA,3900
"1524","1903_03_TeamNE_TeamA2",176,NA,3900
"1525","1903_03_TeamNE_TeamA2",179,NA,4650
"1526","1903_03_TeamNE_TeamA2",214,NA,3650
"1527","1903_03_TeamNE_TeamA2",231,NA,4000
"1528","1903_03_TeamNE_TeamA2",236,NA,NA
"1529","1903_03_TeamNE_TeamA2",243,NA,2350
"1530","1903_03_TeamNE_TeamA2",260,6000,1900
"1531","1903_03_TeamNE_TeamA2",274,NA,3900
"1532","1903_03_TeamNE_TeamA2",296,NA,850
"1533","1903_04_TeamNC_TeamA1",3,4100,3700
"1534","1903_04_TeamNC_TeamA1",10,NA,1100
"1535","1903_04_TeamNC_TeamA1",21,NA,NA
"1536","1903_04_TeamNC_TeamA1",25,NA,3350
"1537","1903_04_TeamNC_TeamA1",36,NA,1700
"1538","1903_04_TeamNC_TeamA1",38,NA,1500
"1539","1903_04_TeamNC_TeamA1",56,NA,NA
"1540","1903_04_TeamNC_TeamA1",65,NA,1300
"1541","1903_04_TeamNC_TeamA1",67,NA,3900
"1542","1903_04_TeamNC_TeamA1",70,NA,NA
"1543","1903_04_TeamNC_TeamA1",78,NA,NA
"1544","1903_04_TeamNC_TeamA1",90,NA,4350
"1545","1903_04_TeamNC_TeamA1",109,NA,4100
"1546","1903_04_TeamNC_TeamA1",111,NA,4000
"1547","1903_04_TeamNC_TeamA1",121,NA,3950
"1548","1903_04_TeamNC_TeamA1",144,4400,4100
"1549","1903_05_TeamND_TeamA2",9,NA,NA
"1550","1903_05_TeamND_TeamA2",17,7550,5000
"1551","1903_05_TeamND_TeamA2",42,NA,NA
"1552","1903_05_TeamND_TeamA2",57,NA,4000
"1553","1903_05_TeamND_TeamA2",65,NA,NA
"1554","1903_05_TeamND_TeamA2",69,NA,NA
"1555","1903_05_TeamND_TeamA2",77,NA,NA
"1556","1903_05_TeamND_TeamA2",111,NA,NA
"1557","1903_05_TeamND_TeamA2",112,NA,NA
"1558","1903_05_TeamND_TeamA2",127,6900,3400
"1559","1903_05_TeamND_TeamA2",146,NA,NA
"1560","1903_05_TeamND_TeamA2",180,7300,4100
"1561","1903_05_TeamND_TeamA2",190,7650,4000
"1562","1903_05_TeamND_TeamA2",193,7300,4100
"1563","1903_05_TeamND_TeamA2",194,NA,NA
"1564","1903_05_TeamND_TeamA2",199,NA,NA
"1565","1903_05_TeamND_TeamA2",204,8250,4050
"1566","1903_05_TeamND_TeamA2",275,NA,1000
"1567","1903_05_TeamND_TeamA2",280,7500,4550
"1568","1903_05_TeamND_TeamA2",281,7650,4150
"1569","1903_05_TeamND_TeamA2",297,7400,4000
"1570","1903_05_TeamND_TeamA2",329,NA,NA
"1571","1903_06_TeamND_TeamA2",3,NA,4700
"1572","1903_06_TeamND_TeamA2",17,NA,4050
"1573","1903_06_TeamND_TeamA2",29,NA,3850
"1574","1903_06_TeamND_TeamA2",36,NA,4400
"1575","1903_06_TeamND_TeamA2",56,NA,1900
"1576","1903_06_TeamND_TeamA2",67,NA,NA
"1577","1903_06_TeamND_TeamA2",68,NA,3800
"1578","1903_06_TeamND_TeamA2",79,NA,3700
"1579","1903_06_TeamND_TeamA2",88,NA,3800
"1580","1903_06_TeamND_TeamA2",93,NA,3800
"1581","1903_06_TeamND_TeamA2",111,NA,4350
"1582","1903_06_TeamND_TeamA2",120,NA,4150
"1583","1903_06_TeamND_TeamA2",123,NA,4000
"1584","1903_06_TeamND_TeamA2",144,NA,3850
"1585","1903_06_TeamND_TeamA2",150,NA,3550
"1586","1903_06_TeamND_TeamA2",157,NA,3800
"1587","1903_06_TeamND_TeamA2",175,NA,4800
"1588","1903_06_TeamND_TeamA2",194,NA,3150
"1589","1903_06_TeamND_TeamA2",207,NA,4050
"1590","1903_06_TeamND_TeamA2",237,NA,1900
"1591","1903_06_TeamND_TeamA2",248,NA,4250
"1592","1903_07_TeamND_TeamA2",56,NA,NA
"1593","1903_07_TeamND_TeamA2",74,4600,3900
"1594","1903_07_TeamND_TeamA2",78,4500,3900
"1595","1903_07_TeamND_TeamA2",81,4700,3800
"1596","1903_07_TeamND_TeamA2",97,NA,NA
"1597","1903_07_TeamND_TeamA2",98,NA,NA
"1598","1903_07_TeamND_TeamA2",100,NA,NA
"1599","1903_07_TeamND_TeamA2",110,4600,4100
"1600","1903_07_TeamND_TeamA2",120,4950,4000
"1601","1903_07_TeamND_TeamA2",125,4650,4050
"1602","1903_07_TeamND_TeamA2",141,NA,5200
"1603","1903_07_TeamND_TeamA2",163,NA,NA
"1604","1903_07_TeamND_TeamA2",166,NA,NA
"1605","1903_07_TeamND_TeamA2",204,NA,NA
"1606","1903_07_TeamND_TeamA2",206,NA,NA
"1607","1903_07_TeamND_TeamA2",254,NA,NA
"1608","1903_07_TeamND_TeamA2",260,NA,NA
"1609","1903_07_TeamND_TeamA2",271,NA,2050
"1610","1903_07_TeamND_TeamA2",283,4800,1400
"1611","1903_07_TeamND_TeamA2",290,4500,3900
"1612","1903_07_TeamND_TeamA2",312,4800,11050
"1613","1903_07_TeamND_TeamA2",313,4350,4100
"1614","1903_07_TeamND_TeamA2",314,NA,4800
"1615","1903_07_TeamND_TeamA2",317,4400,3650
"1616","1903_07_TeamND_TeamA2",322,4650,3850
"1617","1903_07_TeamND_TeamA2",326,NA,3700
"1618","1903_07_TeamND_TeamA2",340,4550,3750
"1619","1903_07_TeamND_TeamA2",343,5300,5800
"1620","1903_08_TeamNJ_TeamB",7,5850,6250
"1621","1903_08_TeamNJ_TeamB",25,NA,4350
"1622","1903_08_TeamNJ_TeamB",37,NA,3800
"1623","1903_08_TeamNJ_TeamB",54,NA,4050
"1624","1903_08_TeamNJ_TeamB",64,NA,4100
"1625","1903_08_TeamNJ_TeamB",90,NA,4050
"1626","1903_08_TeamNJ_TeamB",101,NA,3950
"1627","1903_08_TeamNJ_TeamB",103,NA,3700
"1628","1903_08_TeamNJ_TeamB",107,NA,4250
"1629","1903_08_TeamNJ_TeamB",111,NA,3900
"1630","1903_08_TeamNJ_TeamB",117,NA,5850
"1631","1903_08_TeamNJ_TeamB",124,NA,4150
"1632","1903_08_TeamNJ_TeamB",133,NA,4050
"1633","1903_08_TeamNJ_TeamB",135,NA,4550
"1634","1903_08_TeamNJ_TeamB",171,NA,1700
"1635","1903_08_TeamNJ_TeamB",173,NA,4500
"1636","1903_08_TeamNJ_TeamB",175,NA,4100
"1637","1903_08_TeamNJ_TeamB",190,NA,4100
"1638","1903_08_TeamNJ_TeamB",192,NA,4200
"1639","1903_08_TeamNJ_TeamB",213,NA,4050
"1640","1903_08_TeamNJ_TeamB",218,NA,3950
"1641","1903_08_TeamNJ_TeamB",232,NA,3950
"1642","1903_08_TeamNJ_TeamB",234,NA,4000
"1643","1903_08_TeamNJ_TeamB",236,NA,5900
"1644","1903_09_TeamNJ_TeamB",15,NA,4150
"1645","1903_09_TeamNJ_TeamB",28,NA,NA
"1646","1903_09_TeamNJ_TeamB",30,NA,NA
"1647","1903_09_TeamNJ_TeamB",34,NA,NA
"1648","1903_09_TeamNJ_TeamB",37,NA,NA
"1649","1903_09_TeamNJ_TeamB",39,NA,NA
"1650","1903_09_TeamNJ_TeamB",50,NA,4100
"1651","1903_09_TeamNJ_TeamB",58,7600,4150
"1652","1903_09_TeamNJ_TeamB",60,NA,3800
"1653","1903_09_TeamNJ_TeamB",73,NA,NA
"1654","1903_09_TeamNJ_TeamB",86,NA,NA
"1655","1903_09_TeamNJ_TeamB",87,NA,NA
"1656","1903_09_TeamNJ_TeamB",94,NA,NA
"1657","1903_09_TeamNJ_TeamB",99,NA,NA
"1658","1903_09_TeamNJ_TeamB",103,NA,NA
"1659","1903_09_TeamNJ_TeamB",104,NA,NA
"1660","1903_09_TeamNJ_TeamB",107,NA,1400
"1661","1903_09_TeamNJ_TeamB",110,NA,3800
"1662","1903_09_TeamNJ_TeamB",120,NA,NA
"1663","1903_09_TeamNJ_TeamB",122,NA,6850
"1664","1903_09_TeamNJ_TeamB",133,NA,3650
"1665","1903_09_TeamNJ_TeamB",138,NA,NA
"1666","1903_09_TeamNJ_TeamB",141,NA,NA
"1667","1903_09_TeamNJ_TeamB",156,7850,1500
"1668","1903_09_TeamNJ_TeamB",160,NA,NA
"1669","1903_09_TeamNJ_TeamB",167,NA,NA
"1670","1903_09_TeamNJ_TeamB",168,7350,7850
"1671","1903_09_TeamNJ_TeamB",173,7250,3800
"1672","1903_09_TeamNJ_TeamB",186,NA,3900
"1673","1903_09_TeamNJ_TeamB",193,NA,3900
"1674","1903_09_TeamNJ_TeamB",207,NA,NA
"1675","1903_09_TeamNJ_TeamB",208,NA,NA
"1676","1903_09_TeamNJ_TeamB",211,NA,3850
"1677","1903_09_TeamNJ_TeamB",249,NA,4200
"1678","1903_09_TeamNJ_TeamB",257,7300,9550
"1679","1903_09_TeamNJ_TeamB",263,NA,3900
"1680","1903_09_TeamNJ_TeamB",270,8050,8300
"1681","1903_10_TeamNJ_TeamB",5,NA,1600
"1682","1903_10_TeamNJ_TeamB",12,4300,4050
"1683","1903_10_TeamNJ_TeamB",18,4350,3850
"1684","1903_10_TeamNJ_TeamB",38,4450,4200
"1685","1903_10_TeamNJ_TeamB",45,NA,NA
"1686","1903_10_TeamNJ_TeamB",47,NA,NA
"1687","1903_10_TeamNJ_TeamB",48,NA,NA
"1688","1903_10_TeamNJ_TeamB",55,NA,NA
"1689","1903_10_TeamNJ_TeamB",56,NA,NA
"1690","1903_10_TeamNJ_TeamB",57,NA,NA
"1691","1903_10_TeamNJ_TeamB",60,4350,4100
"1692","1903_10_TeamNJ_TeamB",67,4350,4050
"1693","1903_10_TeamNJ_TeamB",71,NA,NA
"1694","1903_10_TeamNJ_TeamB",73,NA,3700
"1695","1903_10_TeamNJ_TeamB",95,NA,4050
"1696","1903_10_TeamNJ_TeamB",108,NA,NA
"1697","1903_10_TeamNJ_TeamB",137,4700,4100
"1698","1903_10_TeamNJ_TeamB",144,NA,NA
"1699","1903_10_TeamNJ_TeamB",146,NA,NA
"1700","1903_10_TeamNJ_TeamB",148,NA,NA
"1701","1903_10_TeamNJ_TeamB",153,NA,NA
"1702","1903_10_TeamNJ_TeamB",155,NA,NA
"1703","1903_10_TeamNJ_TeamB",180,NA,4050
"1704","1903_10_TeamNJ_TeamB",192,4650,1100
"1705","1903_10_TeamNJ_TeamB",200,NA,3900
"1706","1903_10_TeamNJ_TeamB",228,6200,5900
"1707","1903_10_TeamNJ_TeamB",230,NA,4050
"1708","1903_10_TeamNJ_TeamB",247,4500,8550
"1709","1903_11_TeamNC_TeamA1",13,NA,1200
"1710","1903_11_TeamNC_TeamA1",31,5500,6300
"1711","1903_11_TeamNC_TeamA1",32,NA,7750
"1712","1903_11_TeamNC_TeamA1",52,NA,4100
"1713","1903_11_TeamNC_TeamA1",57,NA,NA
"1714","1903_11_TeamNC_TeamA1",59,4450,4350
"1715","1903_11_TeamNC_TeamA1",61,4350,4200
"1716","1903_11_TeamNC_TeamA1",90,NA,4150
"1717","1903_11_TeamNC_TeamA1",98,NA,3950
"1718","1903_11_TeamNC_TeamA1",103,NA,4300
"1719","1903_11_TeamNC_TeamA1",110,NA,3900
"1720","1903_11_TeamNC_TeamA1",139,NA,2400
"1721","1903_11_TeamNC_TeamA1",188,NA,4350
"1722","1903_11_TeamNC_TeamA1",193,4750,4650
"1723","1903_11_TeamNC_TeamA1",200,4750,4050
"1724","1903_11_TeamNC_TeamA1",207,4700,1600
"1725","1903_11_TeamNC_TeamA1",231,NA,4150
"1726","1903_11_TeamNC_TeamA1",240,NA,1850
"1727","1903_11_TeamNC_TeamA1",244,4800,10050
"1728","1903_11_TeamNC_TeamA1",259,NA,3800
"1729","1903_11_TeamNC_TeamA1",263,NA,3950
"1730","1903_11_TeamNC_TeamA1",264,NA,4000
"1731","1903_11_TeamNC_TeamA1",265,NA,1100
"1732","1903_12_TeamNC_TeamA1",6,NA,1800
"1733","1903_12_TeamNC_TeamA1",24,NA,3650
"1734","1903_12_TeamNC_TeamA1",30,NA,NA
"1735","1903_12_TeamNC_TeamA1",32,NA,NA
"1736","1903_12_TeamNC_TeamA1",35,NA,4150
"1737","1903_12_TeamNC_TeamA1",48,NA,1150
"1738","1903_12_TeamNC_TeamA1",81,NA,3950
"1739","1903_12_TeamNC_TeamA1",90,NA,1250
"1740","1903_12_TeamNC_TeamA1",94,NA,5950
"1741","1903_12_TeamNC_TeamA1",100,NA,3950
"1742","1903_12_TeamNC_TeamA1",103,NA,1800
"1743","1903_12_TeamNC_TeamA1",115,NA,3850
"1744","1903_12_TeamNC_TeamA1",121,NA,4050
"1745","1903_12_TeamNC_TeamA1",130,NA,4050
"1746","1903_12_TeamNC_TeamA1",140,NA,NA
"1747","1903_12_TeamNC_TeamA1",196,NA,NA
"1748","1903_12_TeamNC_TeamA1",208,NA,4550
"1749","1903_12_TeamNC_TeamA1",211,4600,4500
"1750","1903_12_TeamNC_TeamA1",218,NA,4150
"1751","1903_12_TeamNC_TeamA1",237,NA,3700
"1752","1903_13_TeamNG_TeamA3",24,NA,6300
"1753","1903_13_TeamNG_TeamA3",49,NA,3800
"1754","1903_13_TeamNG_TeamA3",55,NA,4150
"1755","1903_13_TeamNG_TeamA3",56,NA,3700
"1756","1903_13_TeamNG_TeamA3",60,4150,3850
"1757","1903_13_TeamNG_TeamA3",151,NA,NA
"1758","1903_13_TeamNG_TeamA3",155,NA,NA
"1759","1903_13_TeamNG_TeamA3",162,NA,1550
"1760","1903_13_TeamNG_TeamA3",207,4100,3750
"1761","1903_13_TeamNG_TeamA3",236,NA,4050
"1762","1903_13_TeamNG_TeamA3",255,NA,3600
"1763","1903_14_TeamNG_TeamA3",6,NA,4000
"1764","1903_14_TeamNG_TeamA3",9,NA,4000
"1765","1903_14_TeamNG_TeamA3",13,NA,4250
"1766","1903_14_TeamNG_TeamA3",27,NA,NA
"1767","1903_14_TeamNG_TeamA3",42,NA,NA
"1768","1903_14_TeamNG_TeamA3",45,NA,3900
"1769","1903_14_TeamNG_TeamA3",56,NA,3950
"1770","1903_14_TeamNG_TeamA3",63,NA,NA
"1771","1903_14_TeamNG_TeamA3",84,NA,4000
"1772","1903_14_TeamNG_TeamA3",88,NA,NA
"1773","1903_14_TeamNG_TeamA3",91,NA,NA
"1774","1903_14_TeamNG_TeamA3",94,NA,NA
"1775","1903_14_TeamNG_TeamA3",101,NA,NA
"1776","1903_14_TeamNG_TeamA3",137,NA,4250
"1777","1903_14_TeamNG_TeamA3",192,NA,3850
"1778","1903_14_TeamNG_TeamA3",228,NA,1450
"1779","1903_14_TeamNG_TeamA3",233,4250,4150
"1780","1903_14_TeamNG_TeamA3",246,NA,3950
"1781","1903_15_TeamNG_TeamA3",3,NA,1450
"1782","1903_15_TeamNG_TeamA3",29,5250,6100
"1783","1903_15_TeamNG_TeamA3",41,NA,4000
"1784","1903_15_TeamNG_TeamA3",47,NA,4150
"1785","1903_15_TeamNG_TeamA3",65,NA,NA
"1786","1903_15_TeamNG_TeamA3",88,NA,3900
"1787","1903_15_TeamNG_TeamA3",114,NA,3900
"1788","1903_15_TeamNG_TeamA3",117,NA,4000
"1789","1903_15_TeamNG_TeamA3",134,NA,NA
"1790","1903_15_TeamNG_TeamA3",137,NA,NA
"1791","1903_15_TeamNG_TeamA3",140,NA,1400
"1792","1903_15_TeamNG_TeamA3",147,NA,3900
"1793","1903_15_TeamNG_TeamA3",157,NA,3550
"1794","1903_15_TeamNG_TeamA3",158,NA,4100
"1795","1903_15_TeamNG_TeamA3",184,NA,NA
"1796","1903_15_TeamNG_TeamA3",185,NA,4350
"1797","1903_15_TeamNG_TeamA3",228,NA,NA
"1798","1903_15_TeamNG_TeamA3",241,NA,4400
"1799","1903_15_TeamNG_TeamA3",243,NA,3850
"1800","1903_15_TeamNG_TeamA3",260,4750,4700
"1801","1903_15_TeamNG_TeamA3",263,NA,NA
"1802","1903_15_TeamNG_TeamA3",271,NA,3950
"1803","1903_15_TeamNG_TeamA3",279,5150,3250
"1804","1903_15_TeamNG_TeamA3",293,NA,3850
"1805","1903_16_TeamNI_TeamA3",12,NA,4250
"1806","1903_16_TeamNI_TeamA3",16,NA,NA
"1807","1903_16_TeamNI_TeamA3",25,NA,4100
"1808","1903_16_TeamNI_TeamA3",74,NA,NA
"1809","1903_16_TeamNI_TeamA3",82,4700,4400
"1810","1903_16_TeamNI_TeamA3",96,NA,4200
"1811","1903_16_TeamNI_TeamA3",121,NA,1400
"1812","1903_16_TeamNI_TeamA3",124,NA,1350
"1813","1903_16_TeamNI_TeamA3",133,NA,4300
"1814","1903_16_TeamNI_TeamA3",141,NA,3900
"1815","1903_16_TeamNI_TeamA3",146,NA,3500
"1816","1903_16_TeamNI_TeamA3",162,NA,4500
"1817","1903_16_TeamNI_TeamA3",177,NA,4000
"1818","1903_16_TeamNI_TeamA3",219,4800,4000
"1819","1903_16_TeamNI_TeamA3",237,NA,4050
"1820","1903_16_TeamNI_TeamA3",276,NA,4200
"1821","1903_17_TeamNI_TeamA3",6,NA,4100
"1822","1903_17_TeamNI_TeamA3",18,NA,NA
"1823","1903_17_TeamNI_TeamA3",19,NA,NA
"1824","1903_17_TeamNI_TeamA3",43,NA,4400
"1825","1903_17_TeamNI_TeamA3",53,NA,NA
"1826","1903_17_TeamNI_TeamA3",76,NA,1550
"1827","1903_17_TeamNI_TeamA3",84,4350,4150
"1828","1903_17_TeamNI_TeamA3",98,NA,3750
"1829","1903_17_TeamNI_TeamA3",109,NA,3650
"1830","1903_17_TeamNI_TeamA3",114,NA,4500
"1831","1903_17_TeamNI_TeamA3",120,NA,3350
"1832","1903_17_TeamNI_TeamA3",121,NA,4150
"1833","1903_17_TeamNI_TeamA3",129,NA,NA
"1834","1903_17_TeamNI_TeamA3",138,4550,4200
"1835","1903_17_TeamNI_TeamA3",164,5650,7900
"1836","1903_17_TeamNI_TeamA3",167,NA,NA
"1837","1903_17_TeamNI_TeamA3",173,NA,1100
"1838","1903_17_TeamNI_TeamA3",193,NA,3950
"1839","1903_17_TeamNI_TeamA3",203,NA,4100
"1840","1903_17_TeamNI_TeamA3",228,NA,4050
"1841","1903_17_TeamNI_TeamA3",235,NA,4250
"1842","1903_17_TeamNI_TeamA3",237,NA,4250
"1843","1903_17_TeamNI_TeamA3",255,4600,5350
"1844","1903_18_TeamNI_TeamA3",5,NA,1950
"1845","1903_18_TeamNI_TeamA3",22,3650,2550
"1846","1903_18_TeamNI_TeamA3",28,NA,4200
"1847","1903_18_TeamNI_TeamA3",41,NA,4150
"1848","1903_18_TeamNI_TeamA3",46,NA,4100
"1849","1903_18_TeamNI_TeamA3",50,NA,3750
"1850","1903_18_TeamNI_TeamA3",57,NA,4300
"1851","1903_18_TeamNI_TeamA3",69,NA,4150
"1852","1903_18_TeamNI_TeamA3",79,NA,4000
"1853","1903_18_TeamNI_TeamA3",81,NA,3950
"1854","1903_18_TeamNI_TeamA3",103,NA,3950
"1855","1903_18_TeamNI_TeamA3",123,NA,4050
"1856","1903_18_TeamNI_TeamA3",134,NA,4050
"1857","1903_18_TeamNI_TeamA3",140,NA,1250
"1858","1903_18_TeamNI_TeamA3",154,NA,4200
"1859","1903_18_TeamNI_TeamA3",171,NA,NA
"1860","1903_18_TeamNI_TeamA3",180,NA,5000
"1861","1903_18_TeamNI_TeamA3",206,NA,3550
"1862","1903_18_TeamNI_TeamA3",223,NA,3900
"1863","1903_18_TeamNI_TeamA3",225,NA,4100
"1864","1903_18_TeamNI_TeamA3",251,NA,4050
"1865","1903_19_TeamNL_TeamB",3,NA,NA
"1866","1903_19_TeamNL_TeamB",4,NA,NA
"1867","1903_19_TeamNL_TeamB",5,4050,2600
"1868","1903_19_TeamNL_TeamB",11,NA,3850
"1869","1903_19_TeamNL_TeamB",14,NA,4350
"1870","1903_19_TeamNL_TeamB",23,4550,4200
"1871","1903_19_TeamNL_TeamB",29,5300,5750
"1872","1903_19_TeamNL_TeamB",48,NA,4150
"1873","1903_19_TeamNL_TeamB",58,NA,4450
"1874","1903_19_TeamNL_TeamB",61,4250,1050
"1875","1903_19_TeamNL_TeamB",67,NA,4100
"1876","1903_19_TeamNL_TeamB",74,4650,4350
"1877","1903_19_TeamNL_TeamB",85,NA,NA
"1878","1903_19_TeamNL_TeamB",87,NA,NA
"1879","1903_19_TeamNL_TeamB",89,NA,2600
"1880","1903_19_TeamNL_TeamB",90,NA,NA
"1881","1903_19_TeamNL_TeamB",118,NA,7650
"1882","1903_19_TeamNL_TeamB",121,NA,NA
"1883","1903_19_TeamNL_TeamB",126,NA,NA
"1884","1903_19_TeamNL_TeamB",129,NA,NA
"1885","1903_19_TeamNL_TeamB",130,4300,8200
"1886","1903_19_TeamNL_TeamB",150,5900,6300
"1887","1903_19_TeamNL_TeamB",151,NA,2900
"1888","1903_19_TeamNL_TeamB",194,NA,4350
"1889","1903_19_TeamNL_TeamB",205,4250,4350
"1890","1903_19_TeamNL_TeamB",219,NA,3500
"1891","1903_19_TeamNL_TeamB",264,4300,4100
"1892","1903_19_TeamNL_TeamB",265,4450,4100
"1893","1903_19_TeamNL_TeamB",272,NA,4500
"1894","1903_19_TeamNL_TeamB",286,NA,5350
"1895","1903_19_TeamNL_TeamB",304,NA,7200
"1896","1903_20_TeamNL_TeamB",9,NA,4100
"1897","1903_20_TeamNL_TeamB",16,NA,3950
"1898","1903_20_TeamNL_TeamB",31,NA,3850
"1899","1903_20_TeamNL_TeamB",54,NA,NA
"1900","1903_20_TeamNL_TeamB",63,NA,3750
"1901","1903_20_TeamNL_TeamB",65,NA,4150
"1902","1903_20_TeamNL_TeamB",85,NA,NA
"1903","1903_20_TeamNL_TeamB",86,NA,NA
"1904","1903_20_TeamNL_TeamB",87,NA,NA
"1905","1903_20_TeamNL_TeamB",91,NA,NA
"1906","1903_20_TeamNL_TeamB",93,NA,NA
"1907","1903_20_TeamNL_TeamB",102,NA,3850
"1908","1903_20_TeamNL_TeamB",111,NA,3800
"1909","1903_20_TeamNL_TeamB",124,NA,4500
"1910","1903_20_TeamNL_TeamB",131,NA,3950
"1911","1903_20_TeamNL_TeamB",135,NA,NA
"1912","1903_20_TeamNL_TeamB",156,5400,5550
"1913","1903_20_TeamNL_TeamB",159,NA,4250
"1914","1903_20_TeamNL_TeamB",161,NA,2400
"1915","1903_20_TeamNL_TeamB",167,NA,950
"1916","1903_20_TeamNL_TeamB",172,NA,NA
"1917","1903_20_TeamNL_TeamB",173,NA,NA
"1918","1903_20_TeamNL_TeamB",177,NA,NA
"1919","1903_20_TeamNL_TeamB",188,NA,4200
"1920","1903_20_TeamNL_TeamB",189,NA,3250
"1921","1903_20_TeamNL_TeamB",196,NA,4050
"1922","1903_20_TeamNL_TeamB",209,NA,NA
"1923","1903_20_TeamNL_TeamB",210,NA,4150
"1924","1903_20_TeamNL_TeamB",220,NA,3750
"1925","1903_20_TeamNL_TeamB",224,NA,3750
"1926","1903_20_TeamNL_TeamB",240,5000,12400
"1927","1903_20_TeamNL_TeamB",242,NA,5750
"1928","1903_20_TeamNL_TeamB",245,NA,4350
"1929","1903_21_TeamNL_TeamB",13,NA,NA
"1930","1903_21_TeamNL_TeamB",15,NA,NA
"1931","1903_21_TeamNL_TeamB",28,NA,NA
"1932","1903_21_TeamNL_TeamB",36,NA,4050
"1933","1903_21_TeamNL_TeamB",39,NA,4400
"1934","1903_21_TeamNL_TeamB",50,NA,1400
"1935","1903_21_TeamNL_TeamB",58,NA,NA
"1936","1903_21_TeamNL_TeamB",62,NA,3750
"1937","1903_21_TeamNL_TeamB",64,NA,NA
"1938","1903_21_TeamNL_TeamB",74,NA,4300
"1939","1903_21_TeamNL_TeamB",80,NA,NA
"1940","1903_21_TeamNL_TeamB",81,NA,NA
"1941","1903_21_TeamNL_TeamB",83,NA,NA
"1942","1903_21_TeamNL_TeamB",86,NA,NA
"1943","1903_21_TeamNL_TeamB",100,NA,4300
"1944","1903_21_TeamNL_TeamB",101,NA,4200
"1945","1903_21_TeamNL_TeamB",105,NA,4250
"1946","1903_21_TeamNL_TeamB",115,NA,NA
"1947","1903_21_TeamNL_TeamB",132,NA,4300
"1948","1903_21_TeamNL_TeamB",139,NA,4400
"1949","1903_21_TeamNL_TeamB",164,NA,NA
"1950","1903_21_TeamNL_TeamB",167,NA,4300
"1951","1903_21_TeamNL_TeamB",172,NA,3950
"1952","1903_21_TeamNL_TeamB",201,NA,5800
"1953","1903_21_TeamNL_TeamB",213,NA,2500
"1954","1903_22_TeamNA_TeamA1",4,NA,3850
"1955","1903_22_TeamNA_TeamA1",20,NA,3650
"1956","1903_22_TeamNA_TeamA1",52,NA,4050
"1957","1903_22_TeamNA_TeamA1",63,NA,NA
"1958","1903_22_TeamNA_TeamA1",75,NA,1350
"1959","1903_22_TeamNA_TeamA1",76,NA,4000
"1960","1903_22_TeamNA_TeamA1",83,NA,4150
"1961","1903_22_TeamNA_TeamA1",100,NA,6250
"1962","1903_22_TeamNA_TeamA1",113,NA,4350
"1963","1903_22_TeamNA_TeamA1",129,NA,NA
"1964","1903_22_TeamNA_TeamA1",131,NA,NA
"1965","1903_22_TeamNA_TeamA1",135,4150,4050
"1966","1903_22_TeamNA_TeamA1",143,NA,NA
"1967","1903_22_TeamNA_TeamA1",144,NA,NA
"1968","1903_22_TeamNA_TeamA1",152,NA,3900
"1969","1903_22_TeamNA_TeamA1",155,NA,NA
"1970","1903_22_TeamNA_TeamA1",156,NA,NA
"1971","1903_22_TeamNA_TeamA1",159,NA,NA
"1972","1903_22_TeamNA_TeamA1",162,NA,NA
"1973","1903_22_TeamNA_TeamA1",163,NA,NA
"1974","1903_22_TeamNA_TeamA1",205,NA,NA
"1975","1903_22_TeamNA_TeamA1",211,NA,NA
"1976","1903_22_TeamNA_TeamA1",212,NA,NA
"1977","1903_22_TeamNA_TeamA1",223,NA,NA
"1978","1903_22_TeamNA_TeamA1",225,NA,3700
"1979","1903_22_TeamNA_TeamA1",246,4250,4900
"1980","1903_22_TeamNA_TeamA1",251,NA,3900
"1981","1903_23_TeamNA_TeamA1",15,NA,NA
"1982","1903_23_TeamNA_TeamA1",16,NA,NA
"1983","1903_23_TeamNA_TeamA1",26,4050,3950
"1984","1903_23_TeamNA_TeamA1",29,NA,3950
"1985","1903_23_TeamNA_TeamA1",46,NA,4000
"1986","1903_23_TeamNA_TeamA1",67,NA,4050
"1987","1903_23_TeamNA_TeamA1",84,5200,8100
"1988","1903_23_TeamNA_TeamA1",93,NA,NA
"1989","1903_23_TeamNA_TeamA1",110,NA,3550
"1990","1903_23_TeamNA_TeamA1",115,NA,3900
"1991","1903_23_TeamNA_TeamA1",124,4350,850
"1992","1903_23_TeamNA_TeamA1",134,NA,NA
"1993","1903_23_TeamNA_TeamA1",140,4650,5250
"1994","1903_23_TeamNA_TeamA1",163,NA,NA
"1995","1903_23_TeamNA_TeamA1",165,NA,NA
"1996","1903_23_TeamNA_TeamA1",167,NA,NA
"1997","1903_23_TeamNA_TeamA1",170,NA,NA
"1998","1903_23_TeamNA_TeamA1",173,NA,NA
"1999","1903_23_TeamNA_TeamA1",175,NA,NA
"2000","1903_23_TeamNA_TeamA1",193,5650,5850
"2001","1903_23_TeamNA_TeamA1",196,4450,1000
"2002","1903_23_TeamNA_TeamA1",221,NA,1200
"2003","1903_23_TeamNA_TeamA1",254,NA,3900
"2004","1903_23_TeamNA_TeamA1",273,4750,4050
"2005","1903_24_TeamNA_TeamA1",10,NA,1500
"2006","1903_24_TeamNA_TeamA1",57,NA,4300
"2007","1903_24_TeamNA_TeamA1",60,NA,3850
"2008","1903_24_TeamNA_TeamA1",69,NA,NA
"2009","1903_24_TeamNA_TeamA1",76,NA,NA
"2010","1903_24_TeamNA_TeamA1",86,NA,NA
"2011","1903_24_TeamNA_TeamA1",91,NA,NA
"2012","1903_24_TeamNA_TeamA1",92,NA,NA
"2013","1903_24_TeamNA_TeamA1",93,NA,3350
"2014","1903_24_TeamNA_TeamA1",108,NA,4150
"2015","1903_24_TeamNA_TeamA1",115,5250,7100
"2016","1903_24_TeamNA_TeamA1",123,4650,4300
"2017","1903_24_TeamNA_TeamA1",142,NA,3700
"2018","1903_24_TeamNA_TeamA1",147,NA,3750
"2019","1903_24_TeamNA_TeamA1",148,NA,1500
"2020","1903_24_TeamNA_TeamA1",156,NA,4100
"2021","1903_24_TeamNA_TeamA1",157,NA,3750
"2022","1903_24_TeamNA_TeamA1",164,NA,4050
"2023","1903_24_TeamNA_TeamA1",168,NA,4200
"2024","1903_24_TeamNA_TeamA1",197,NA,650
"2025","1903_24_TeamNA_TeamA1",203,NA,2000
"2026","1903_24_TeamNA_TeamA1",206,NA,2850
"2027","1903_24_TeamNA_TeamA1",207,NA,3900
"2028","1903_24_TeamNA_TeamA1",215,NA,3950
"2029","1903_24_TeamNA_TeamA1",219,NA,3250
"2030","1903_25_TeamNH_TeamA3",10,NA,NA
"2031","1903_25_TeamNH_TeamA3",13,NA,NA
"2032","1903_25_TeamNH_TeamA3",14,NA,4100
"2033","1903_25_TeamNH_TeamA3",21,4400,4400
"2034","1903_25_TeamNH_TeamA3",39,NA,4000
"2035","1903_25_TeamNH_TeamA3",59,NA,NA
"2036","1903_25_TeamNH_TeamA3",67,NA,3650
"2037","1903_25_TeamNH_TeamA3",76,NA,3950
"2038","1903_25_TeamNH_TeamA3",111,NA,4000
"2039","1903_25_TeamNH_TeamA3",113,NA,4100
"2040","1903_25_TeamNH_TeamA3",125,NA,5550
"2041","1903_25_TeamNH_TeamA3",129,NA,1500
"2042","1903_25_TeamNH_TeamA3",146,NA,1400
"2043","1903_25_TeamNH_TeamA3",151,NA,4050
"2044","1903_25_TeamNH_TeamA3",166,NA,3500
"2045","1903_25_TeamNH_TeamA3",183,NA,NA
"2046","1903_25_TeamNH_TeamA3",194,NA,NA
"2047","1903_25_TeamNH_TeamA3",200,NA,NA
"2048","1903_25_TeamNH_TeamA3",210,NA,4150
"2049","1903_25_TeamNH_TeamA3",213,NA,NA
"2050","1903_25_TeamNH_TeamA3",224,NA,4150
"2051","1903_25_TeamNH_TeamA3",241,NA,4050
"2052","1903_25_TeamNH_TeamA3",259,NA,4100
"2053","1903_25_TeamNH_TeamA3",262,NA,NA
"2054","1903_25_TeamNH_TeamA3",274,NA,NA
"2055","1903_25_TeamNK_TeamB",3,NA,3650
"2056","1903_25_TeamNK_TeamB",18,4950,5950
"2057","1903_25_TeamNK_TeamB",24,NA,NA
"2058","1903_25_TeamNK_TeamB",32,NA,3900
"2059","1903_25_TeamNK_TeamB",41,NA,NA
"2060","1903_25_TeamNK_TeamB",48,NA,NA
"2061","1903_25_TeamNK_TeamB",50,NA,3800
"2062","1903_25_TeamNK_TeamB",73,4400,1000
"2063","1903_25_TeamNK_TeamB",77,NA,4000
"2064","1903_25_TeamNK_TeamB",105,NA,NA
"2065","1903_25_TeamNK_TeamB",111,NA,NA
"2066","1903_25_TeamNK_TeamB",113,NA,NA
"2067","1903_25_TeamNK_TeamB",118,4900,4000
"2068","1903_25_TeamNK_TeamB",120,5250,4050
"2069","1903_25_TeamNK_TeamB",125,NA,NA
"2070","1903_25_TeamNK_TeamB",126,NA,4450
"2071","1903_25_TeamNK_TeamB",149,4350,4400
"2072","1903_25_TeamNK_TeamB",151,NA,NA
"2073","1903_25_TeamNK_TeamB",156,4550,4050
"2074","1903_25_TeamNK_TeamB",164,4800,3950
"2075","1903_25_TeamNK_TeamB",167,NA,4550
"2076","1903_25_TeamNK_TeamB",172,5450,7950
"2077","1903_25_TeamNK_TeamB",179,4400,4250
"2078","1903_25_TeamNK_TeamB",184,4650,4150
"2079","1903_25_TeamNK_TeamB",188,NA,4450
"2080","1903_25_TeamNK_TeamB",219,4400,4150
"2081","1903_25_TeamNK_TeamB",237,4850,4350
"2082","1903_25_TeamNK_TeamB",257,NA,4200
"2083","1903_25_TeamNK_TeamB",258,NA,3850
"2084","1903_26_TeamNH_TeamA3",7,NA,3900
"2085","1903_26_TeamNH_TeamA3",15,NA,4250
"2086","1903_26_TeamNH_TeamA3",22,NA,NA
"2087","1903_26_TeamNH_TeamA3",32,4150,3050
"2088","1903_26_TeamNH_TeamA3",56,6150,6000
"2089","1903_26_TeamNH_TeamA3",58,NA,3950
"2090","1903_26_TeamNH_TeamA3",83,NA,4050
"2091","1903_26_TeamNH_TeamA3",84,NA,2850
"2092","1903_26_TeamNH_TeamA3",92,NA,NA
"2093","1903_26_TeamNH_TeamA3",93,NA,NA
"2094","1903_26_TeamNH_TeamA3",97,NA,4350
"2095","1903_26_TeamNH_TeamA3",116,NA,1600
"2096","1903_26_TeamNH_TeamA3",128,NA,NA
"2097","1903_26_TeamNH_TeamA3",129,NA,4400
"2098","1903_26_TeamNH_TeamA3",142,NA,NA
"2099","1903_26_TeamNH_TeamA3",144,NA,NA
"2100","1903_26_TeamNH_TeamA3",188,NA,NA
"2101","1903_26_TeamNH_TeamA3",197,NA,4150
"2102","1903_26_TeamNH_TeamA3",255,NA,4300
"2103","1903_26_TeamNH_TeamA3",258,4650,12400
"2104","1903_26_TeamNH_TeamA3",278,NA,4350
"2105","1903_26_TeamNH_TeamA3",284,NA,4650
"2106","1903_26_TeamNH_TeamA3",324,4400,4450
"2107","1903_26_TeamNH_TeamA3",340,NA,3950
"2108","1903_26_TeamNK_TeamB",10,4600,4300
"2109","1903_26_TeamNK_TeamB",17,NA,NA
"2110","1903_26_TeamNK_TeamB",21,NA,NA
"2111","1903_26_TeamNK_TeamB",22,NA,NA
"2112","1903_26_TeamNK_TeamB",26,NA,3900
"2113","1903_26_TeamNK_TeamB",42,4500,4050
"2114","1903_26_TeamNK_TeamB",59,4150,3800
"2115","1903_26_TeamNK_TeamB",61,NA,NA
"2116","1903_26_TeamNK_TeamB",63,NA,NA
"2117","1903_26_TeamNK_TeamB",74,4700,4250
"2118","1903_26_TeamNK_TeamB",76,4450,3900
"2119","1903_26_TeamNK_TeamB",80,4400,8300
"2120","1903_26_TeamNK_TeamB",90,5650,5200
"2121","1903_26_TeamNK_TeamB",114,5000,6050
"2122","1903_26_TeamNK_TeamB",115,NA,NA
"2123","1903_26_TeamNK_TeamB",118,4850,4200
"2124","1903_26_TeamNK_TeamB",130,5950,8500
"2125","1903_26_TeamNK_TeamB",148,NA,NA
"2126","1903_26_TeamNK_TeamB",156,NA,NA
"2127","1903_26_TeamNK_TeamB",162,NA,NA
"2128","1903_26_TeamNK_TeamB",165,NA,NA
"2129","1903_26_TeamNK_TeamB",174,5000,4300
"2130","1903_26_TeamNK_TeamB",183,4850,4150
"2131","1903_26_TeamNK_TeamB",193,4350,4400
"2132","1903_26_TeamNK_TeamB",199,NA,4200
"2133","1903_26_TeamNK_TeamB",234,NA,NA
"2134","1903_26_TeamNK_TeamB",237,4450,4000
"2135","1903_26_TeamNK_TeamB",239,4700,4100
"2136","1903_27_TeamNH_TeamA3",24,NA,4150
"2137","1903_27_TeamNH_TeamA3",50,NA,4550
"2138","1903_27_TeamNH_TeamA3",69,NA,1250
"2139","1903_27_TeamNH_TeamA3",92,NA,4050
"2140","1903_27_TeamNH_TeamA3",99,NA,4000
"2141","1903_27_TeamNH_TeamA3",109,NA,2050
"2142","1903_27_TeamNH_TeamA3",111,NA,3800
"2143","1903_27_TeamNH_TeamA3",126,NA,4350
"2144","1903_27_TeamNH_TeamA3",128,4650,4450
"2145","1903_27_TeamNH_TeamA3",136,NA,4050
"2146","1903_27_TeamNH_TeamA3",143,NA,4150
"2147","1903_27_TeamNH_TeamA3",150,4100,4100
"2148","1903_27_TeamNH_TeamA3",233,NA,3300
"2149","1903_27_TeamNH_TeamA3",236,NA,3900
"2150","1903_27_TeamNK_TeamB",3,4686,4059
"2151","1903_27_TeamNK_TeamB",8,NA,NA
"2152","1903_27_TeamNK_TeamB",9,NA,NA
"2153","1903_27_TeamNK_TeamB",15,NA,NA
"2154","1903_27_TeamNK_TeamB",55,4653,4257
"2155","1903_27_TeamNK_TeamB",73,NA,5709
"2156","1903_27_TeamNK_TeamB",102,4422,3729
"2157","1903_27_TeamNK_TeamB",120,NA,NA
"2158","1903_27_TeamNK_TeamB",123,4851,4059
"2159","1903_27_TeamNK_TeamB",133,5049,11913
"2160","1903_27_TeamNK_TeamB",135,4422,3861
"2161","1903_27_TeamNK_TeamB",139,4356,3795
"2162","1903_27_TeamNK_TeamB",186,5082,12705
"2163","1903_27_TeamNK_TeamB",192,4125,4191
"2164","1903_27_TeamNK_TeamB",247,NA,4158
"2165","1903_27_TeamNK_TeamB",273,4686,3927
"2166","1903_28_TeamNF_TeamA2",17,NA,NA
"2167","1903_28_TeamNF_TeamA2",23,4350,3650
"2168","1903_28_TeamNF_TeamA2",35,NA,NA
"2169","1903_28_TeamNF_TeamA2",78,NA,NA
"2170","1903_28_TeamNF_TeamA2",90,4650,1300
"2171","1903_28_TeamNF_TeamA2",101,NA,5600
"2172","1903_28_TeamNF_TeamA2",110,4450,4200
"2173","1903_28_TeamNF_TeamA2",150,NA,5850
"2174","1903_28_TeamNF_TeamA2",152,NA,4750
"2175","1903_28_TeamNF_TeamA2",168,4350,4050
"2176","1903_28_TeamNF_TeamA2",196,4400,4050
"2177","1903_28_TeamNF_TeamA2",217,NA,NA
"2178","1903_28_TeamNF_TeamA2",218,NA,NA
"2179","1903_28_TeamNF_TeamA2",242,NA,NA
"2180","1903_28_TeamNF_TeamA2",256,4800,3900
"2181","1903_28_TeamNF_TeamA2",282,4700,7900
"2182","1903_29_TeamNF_TeamA2",16,4100,1300
"2183","1903_29_TeamNF_TeamA2",19,NA,NA
"2184","1903_29_TeamNF_TeamA2",24,4350,4100
"2185","1903_29_TeamNF_TeamA2",31,4500,3900
"2186","1903_29_TeamNF_TeamA2",60,4700,4000
"2187","1903_29_TeamNF_TeamA2",67,4900,4100
"2188","1903_29_TeamNF_TeamA2",76,4850,4650
"2189","1903_29_TeamNF_TeamA2",85,NA,NA
"2190","1903_29_TeamNF_TeamA2",98,NA,NA
"2191","1903_29_TeamNF_TeamA2",99,NA,NA
"2192","1903_29_TeamNF_TeamA2",100,4700,3400
"2193","1903_29_TeamNF_TeamA2",102,5750,7650
"2194","1903_29_TeamNF_TeamA2",103,NA,NA
"2195","1903_29_TeamNF_TeamA2",107,NA,NA
"2196","1903_29_TeamNF_TeamA2",114,5300,4100
"2197","1903_29_TeamNF_TeamA2",120,NA,NA
"2198","1903_29_TeamNF_TeamA2",130,NA,3700
"2199","1903_29_TeamNF_TeamA2",137,NA,NA
"2200","1903_29_TeamNF_TeamA2",143,4650,4100
"2201","1903_29_TeamNF_TeamA2",173,NA,NA
"2202","1903_29_TeamNF_TeamA2",174,NA,NA
"2203","1903_29_TeamNF_TeamA2",176,NA,NA
"2204","1903_29_TeamNF_TeamA2",178,NA,NA
"2205","1903_29_TeamNF_TeamA2",191,NA,3800
"2206","1903_29_TeamNF_TeamA2",197,4550,3950
"2207","1903_29_TeamNF_TeamA2",211,4750,4350
"2208","1903_29_TeamNF_TeamA2",232,4900,4250
"2209","1903_29_TeamNF_TeamA2",235,4650,4550
"2210","1903_29_TeamNF_TeamA2",237,NA,NA
"2211","1903_29_TeamNF_TeamA2",244,5550,3750
"2212","1903_29_TeamNF_TeamA2",252,NA,950
"2213","1903_29_TeamNF_TeamA2",254,4900,4050
"2214","1903_29_TeamNF_TeamA2",255,5150,4000
"2215","1903_29_TeamNF_TeamA2",261,NA,NA
"2216","1903_29_TeamNF_TeamA2",263,NA,NA
"2217","1903_29_TeamNF_TeamA2",264,NA,NA
"2218","1903_30_TeamNB_TeamA1",3,NA,4000
"2219","1903_30_TeamNB_TeamA1",19,NA,NA
"2220","1903_30_TeamNB_TeamA1",22,4250,4300
"2221","1903_30_TeamNB_TeamA1",29,4450,3850
"2222","1903_30_TeamNB_TeamA1",61,4150,3900
"2223","1903_30_TeamNB_TeamA1",64,NA,4300
"2224","1903_30_TeamNB_TeamA1",70,NA,NA
"2225","1903_30_TeamNB_TeamA1",85,4500,4250
"2226","1903_30_TeamNB_TeamA1",104,NA,4400
"2227","1903_30_TeamNB_TeamA1",116,4250,4050
"2228","1903_30_TeamNB_TeamA1",132,3800,3550
"2229","1903_30_TeamNB_TeamA1",136,NA,3850
"2230","1903_30_TeamNB_TeamA1",138,NA,3950
"2231","1903_30_TeamNB_TeamA1",148,5750,7000
"2232","1903_30_TeamNB_TeamA1",154,4150,4300
"2233","1903_30_TeamNB_TeamA1",171,NA,4200
"2234","1903_30_TeamNB_TeamA1",198,NA,NA
"2235","1903_30_TeamNB_TeamA1",211,NA,3950
"2236","1903_30_TeamNB_TeamA1",219,NA,3950
"2237","1903_30_TeamNB_TeamA1",226,4300,4250
"2238","1903_30_TeamNB_TeamA1",252,NA,4000
"2239","1903_30_TeamNB_TeamA1",263,NA,3850
"2240","1903_30_TeamNB_TeamA1",268,NA,4250
"2241","1903_30_TeamNF_TeamA2",1,4350,4150
"2242","1903_30_TeamNF_TeamA2",26,NA,NA
"2243","1903_30_TeamNF_TeamA2",29,NA,NA
"2244","1903_30_TeamNF_TeamA2",30,4050,3650
"2245","1903_30_TeamNF_TeamA2",32,4650,3950
"2246","1903_30_TeamNF_TeamA2",87,4500,4150
"2247","1903_30_TeamNF_TeamA2",89,4350,2650
"2248","1903_30_TeamNF_TeamA2",98,5150,9000
"2249","1903_30_TeamNF_TeamA2",106,4450,4250
"2250","1903_30_TeamNF_TeamA2",113,4300,3950
"2251","1903_30_TeamNF_TeamA2",120,NA,NA
"2252","1903_30_TeamNF_TeamA2",129,NA,NA
"2253","1903_30_TeamNF_TeamA2",131,4250,4050
"2254","1903_30_TeamNF_TeamA2",138,5000,4650
"2255","1903_30_TeamNF_TeamA2",140,4800,4350
"2256","1903_30_TeamNF_TeamA2",147,4150,3900
"2257","1903_30_TeamNF_TeamA2",159,NA,5300
"2258","1903_30_TeamNF_TeamA2",171,4450,3750
"2259","1903_30_TeamNF_TeamA2",177,NA,NA
"2260","1903_30_TeamNF_TeamA2",193,4600,4400
"2261","1903_30_TeamNF_TeamA2",197,4950,4300
"2262","1903_30_TeamNF_TeamA2",204,NA,NA
"2263","1903_30_TeamNF_TeamA2",205,4900,3250
"2264","1903_30_TeamNF_TeamA2",207,5100,4500
"2265","1903_30_TeamNF_TeamA2",212,4400,4100
"2266","1903_30_TeamNF_TeamA2",227,NA,NA
"2267","1903_30_TeamNF_TeamA2",239,NA,NA
"2268","1903_30_TeamNF_TeamA2",241,NA,NA
"2269","1903_30_TeamNF_TeamA2",259,4450,3900
"2270","1903_31_TeamNB_TeamA1",7,NA,NA
"2271","1903_31_TeamNB_TeamA1",18,4300,3950
"2272","1903_31_TeamNB_TeamA1",21,NA,NA
"2273","1903_31_TeamNB_TeamA1",23,NA,NA
"2274","1903_31_TeamNB_TeamA1",53,NA,4050
"2275","1903_31_TeamNB_TeamA1",67,NA,1050
"2276","1903_31_TeamNB_TeamA1",93,NA,NA
"2277","1903_31_TeamNB_TeamA1",108,NA,NA
"2278","1903_31_TeamNB_TeamA1",124,4450,4050
"2279","1903_31_TeamNB_TeamA1",132,4200,3950
"2280","1903_31_TeamNB_TeamA1",150,4500,3950
"2281","1903_31_TeamNB_TeamA1",221,NA,4000
"2282","1903_31_TeamNB_TeamA1",238,NA,800
"2283","1903_31_TeamNB_TeamA1",241,NA,4000
"2284","1903_31_TeamNB_TeamA1",274,NA,1000
"2285","1903_31_TeamNB_TeamA1",284,NA,4250
"2286","1903_31_TeamNB_TeamA1",290,4250,3950
"2287","1903_31_TeamNB_TeamA1",297,NA,3700
"2288","1903_32_TeamNB_TeamA1",3,NA,3700
"2289","1903_32_TeamNB_TeamA1",5,NA,4400
"2290","1903_32_TeamNB_TeamA1",18,4700,4000
"2291","1903_32_TeamNB_TeamA1",38,NA,1300
"2292","1903_32_TeamNB_TeamA1",39,NA,3750
"2293","1903_32_TeamNB_TeamA1",42,NA,3950
"2294","1903_32_TeamNB_TeamA1",54,NA,4000
"2295","1903_32_TeamNB_TeamA1",58,NA,3900
"2296","1903_32_TeamNB_TeamA1",69,NA,NA
"2297","1903_32_TeamNB_TeamA1",70,NA,NA
"2298","1903_32_TeamNB_TeamA1",74,4250,4050
"2299","1903_32_TeamNB_TeamA1",76,NA,4050
"2300","1903_32_TeamNB_TeamA1",80,NA,4150
"2301","1903_32_TeamNB_TeamA1",84,NA,4000
"2302","1903_32_TeamNB_TeamA1",101,4750,1600
"2303","1903_32_TeamNB_TeamA1",129,4350,900
"2304","1903_32_TeamNB_TeamA1",132,4300,4050
"2305","1903_32_TeamNB_TeamA1",134,4350,4150
"2306","1903_32_TeamNB_TeamA1",144,NA,3950
"2307","1903_32_TeamNB_TeamA1",165,4600,4250
